Measure SID,Order number,Measure type,Start date,End date,Geo,Commodity,additional_code_type_id,additional_code_id,reduction_indicator,measure_generating_regulation_role,measure_generating_regulation_id,justification_regulation_role,justification_regulation_id,stopped_flag,geographical_area_sid,goods_nomenclature_sid,additional_code_sid,export_refund_nomenclature_sid
2474100,,142,2003-02-01,,CL,0104201000,,,,1,D0209790,,,False,205,27781,,
2474139,,142,2003-02-01,,CL,0301991100,,,,1,D0209790,,,False,205,28388,,
2474190,,142,2003-02-01,,CL,0305630000,,,,1,D0209790,,,False,205,29255,,
2474201,,142,2003-02-01,,CL,0500000000,,,,1,D0209790,,,False,205,30015,,
2474216,,142,2003-02-01,,CL,0701100000,,,,1,D0209790,,,False,205,30242,,
2474219,,142,2003-02-01,,CL,0709200000,,,,1,D0209790,,,False,205,30469,,
2474229,,142,2003-02-01,,CL,0711901000,,,,1,D0209790,,,False,205,30639,,
2474231,,142,2003-02-01,,CL,0713000000,,,,1,D0209790,,,False,205,30726,,
2474235,,142,2003-02-01,,CL,0802000000,,,,1,D0209790,,,False,205,30815,,
2474241,,142,2003-02-01,,CL,0805400000,,,,1,D0209790,,,False,205,31147,,
2474242,,142,2003-02-01,,CL,0806200000,,,,1,D0209790,,,False,205,31196,,
2474250,,142,2003-02-01,,CL,0811205100,,,,1,D0209790,,,False,205,31559,,
2474251,,142,2003-02-01,,CL,0811209000,,,,1,D0209790,,,False,205,31563,,
2474252,,142,2003-02-01,,CL,0811903100,,,,1,D0209790,,,False,205,57350,,
2474253,,142,2003-02-01,,CL,0811905000,,,,1,D0209790,,,False,205,31595,,
2474254,,142,2003-02-01,,CL,0811907000,,,,1,D0209790,,,False,205,31596,,
2474255,,142,2003-02-01,,CL,0811908500,,,,1,D0209790,,,False,205,57351,,
2474256,,142,2003-02-01,,CL,0811909500,,,,1,D0209790,,,False,205,57349,,
2474269,,142,2003-02-01,,CL,0814000000,,,,1,D0209790,,,False,205,31698,,
2474272,,142,2003-02-01,,CL,0902000000,,,,1,D0209790,,,False,205,31709,,
2474281,,142,2003-02-01,,CL,0910200000,,,,1,D0209790,,,False,205,31773,,
2474300,,142,2003-02-01,,CL,1208000000,,,,1,D0209790,,,False,205,32166,,
2474313,,142,2003-02-01,,CL,1211000000,,,,1,D0209790,,,False,205,32237,,
2474326,,142,2003-02-01,,CL,1302120000,,,,1,D0209790,,,False,205,32290,,
2474327,,142,2003-02-01,,CL,1302130000,,,,1,D0209790,,,False,205,32291,,
2474329,,142,2003-02-01,,CL,1302190000,,,,1,D0209790,,,False,205,32295,,
2474335,,142,2003-02-01,,CL,1502000000,,,,1,D0209790,,,False,205,32361,,
2474338,,142,2003-02-01,,CL,1504100000,,,,1,D0209790,,,False,205,32374,,
2474341,,142,2003-02-01,,CL,1505000000,,,,1,D0209790,,,False,205,32391,,
2474353,,142,2003-02-01,,CL,1515110000,,,,1,D0209790,,,False,205,32516,,
2474359,,142,2003-02-01,,CL,1515902100,,,,1,D0209790,,,False,205,32545,,
2474360,,142,2003-02-01,,CL,1515903100,,,,1,D0209790,,,False,205,32548,,
2474366,,142,2003-02-01,,CL,1521000000,,,,1,D0209790,,,False,205,32638,,
2474367,,142,2003-02-01,,CL,1522009100,,,,1,D0209790,,,False,205,32654,,
2474373,,142,2003-02-01,,CL,1901909100,,,,1,D0209790,,,False,205,57392,,
2474374,,142,2003-02-01,,CL,1902400000,,,,1,D0209790,,,False,205,33295,,
2474376,,142,2003-02-01,,CL,2001902000,,,,1,D0209790,,,False,205,33396,,
2474379,,142,2003-02-01,,CL,2008201900,,,,1,D0209790,,,False,205,33798,,
2474380,,142,2003-02-01,,CL,2008203900,,,,1,D0209790,,,False,205,33801,,
2474383,,142,2003-02-01,,CL,2101202000,,,,1,D0209790,,,False,205,57516,,
2474384,,142,2003-02-01,,CL,2101209200,,,,1,D0209790,,,False,205,57518,,
2474385,,142,2003-02-01,,CL,2102201900,,,,1,D0209790,,,False,205,34518,,
2474432,,142,2003-02-01,,CL,2308009000,,,,1,D0209790,,,False,205,73122,,
2474435,,142,2003-02-01,,CL,2309901000,,,,1,D0209790,,,False,205,35207,,
2474439,,142,2003-02-01,,CL,0405201000,,,1,1,D0209790,,,False,205,59406,,
2474440,,142,2003-02-01,,CL,0405203000,,,1,1,D0209790,,,False,205,59407,,
2474441,,142,2003-02-01,,CL,1901100000,,,1,1,D0209790,,,False,205,33160,,
2474442,,142,2003-02-01,,CL,1901200000,,,1,1,D0209790,,,False,205,33211,,
2474443,,142,2003-02-01,,CL,1901909900,,,1,1,D0209790,,,False,205,57393,,
2474444,,142,2003-02-01,,CL,1904201000,,,1,1,D0209790,,,False,205,59503,,
2474445,,142,2003-02-01,,CL,1905400000,,,1,1,D0209790,,,False,205,33352,,
2474446,,142,2003-02-01,,CL,1905903000,,,1,1,D0209790,,,False,205,33361,,
2474447,,142,2003-02-01,,CL,2004109100,,,1,1,D0209790,,,False,205,33549,,
2474448,,142,2003-02-01,,CL,2005201000,,,1,1,D0209790,,,False,205,33616,,
2474449,,142,2003-02-01,,CL,2101129800,,,1,1,D0209790,,,False,205,59520,,
2474450,,142,2003-02-01,,CL,2101209800,,,1,1,D0209790,,,False,205,57519,,
2474451,,142,2003-02-01,,CL,2106108000,,,1,1,D0209790,,,False,205,57521,,
2474452,,142,2003-02-01,,CL,2500000000,,,,1,D0209790,,,False,205,35296,,
2474454,,142,2003-02-01,,CL,2700000000,,,,1,D0209790,,,False,205,35521,,
2474564,,142,2003-02-01,,CL,2905110000,,,,1,D0209790,,,False,205,36341,,
2474568,,142,2003-02-01,,CL,2905450000,,,,1,D0209790,,,False,205,59585,,
2474572,,142,2003-02-01,,CL,2906000000,,,,1,D0209790,,,False,205,36399,,
2474583,,142,2003-02-01,,CL,2908000000,,,,1,D0209790,,,False,205,36452,,
2474588,,142,2003-02-01,,CL,2910000000,,,,1,D0209790,,,False,205,36508,,
2474589,,142,2003-02-01,,CL,2911000000,,,,1,D0209790,,,False,205,36518,,
2474601,,142,2003-02-01,,CL,2913000000,,,,1,D0209790,,,False,205,36538,,
2474646,,142,2003-02-01,,CL,2919000000,,,,1,D0209790,,,False,205,36797,,
2474647,,142,2003-02-01,,CL,2920000000,,,,1,D0209790,,,False,205,36808,,
2474665,,142,2003-02-01,,CL,2923000000,,,,1,D0209790,,,False,205,36961,,
2474671,,142,2003-02-01,,CL,2925000000,,,,1,D0209790,,,False,205,36995,,
2474675,,142,2003-02-01,,CL,2928000000,,,,1,D0209790,,,False,205,37033,,
2474684,,142,2003-02-01,,CL,2931000000,,,,1,D0209790,,,False,205,37096,,
2474715,,142,2003-02-01,,CL,2934000000,,,,1,D0209790,,,False,205,37349,,
2474720,,142,2003-02-01,,CL,2938000000,,,,1,D0209790,,,False,205,37496,,
2474723,,142,2003-02-01,,CL,2941000000,,,,1,D0209790,,,False,205,37541,,
2474753,,142,2003-02-01,,CL,3301000000,,,,1,D0209790,,,False,205,37965,,
2474754,,142,2003-02-01,,CL,3302101000,,,,1,D0209790,,,False,205,59641,,
2474755,,142,2003-02-01,,CL,3302102100,,,,1,D0209790,,,False,205,59643,,
2474762,,142,2003-02-01,,CL,3306000000,,,,1,D0209790,,,False,205,38043,,
2474763,,142,2003-02-01,,CL,3307000000,,,,1,D0209790,,,False,205,38046,,
2474764,,142,2003-02-01,,CL,3400000000,,,,1,D0209790,,,False,205,38054,,
2474772,,142,2003-02-01,,CL,3503000000,,,,1,D0209790,,,False,205,38141,,
2474773,,142,2003-02-01,,CL,3504000000,,,,1,D0209790,,,False,205,38146,,
2474774,,142,2003-02-01,,CL,3505105000,,,,1,D0209790,,,False,205,38155,,
2474775,,142,2003-02-01,,CL,3506000000,,,,1,D0209790,,,False,205,38165,,
2474778,,142,2003-02-01,,CL,3600000000,,,,1,D0209790,,,False,205,38193,,
2474779,,142,2003-02-01,,CL,3700000000,,,,1,D0209790,,,False,205,38208,,
2474780,,142,2003-02-01,,CL,3801000000,,,,1,D0209790,,,False,205,38323,,
2474782,,142,2003-02-01,,CL,3803000000,,,,1,D0209790,,,False,205,38337,,
2474783,,142,2003-02-01,,CL,3804000000,,,,1,D0209790,,,False,205,38340,,
2474784,,142,2003-02-01,,CL,3805000000,,,,1,D0209790,,,False,205,38343,,
2474785,,142,2003-02-01,,CL,3806000000,,,,1,D0209790,,,False,205,38353,,
2474786,,142,2003-02-01,,CL,3807000000,,,,1,D0209790,,,False,205,38365,,
2474787,,142,2003-02-01,,CL,3808000000,,,,1,D0209790,,,False,205,38368,,
2474788,,142,2003-02-01,,CL,3809910000,,,,1,D0209790,,,False,205,38414,,
2474789,,142,2003-02-01,,CL,3809920000,,,,1,D0209790,,,False,205,38417,,
2474790,,142,2003-02-01,,CL,3809930000,,,,1,D0209790,,,False,205,38418,,
2474791,,142,2003-02-01,,CL,3810000000,,,,1,D0209790,,,False,205,38420,,
2474792,,142,2003-02-01,,CL,3811000000,,,,1,D0209790,,,False,205,38428,,
2474793,,142,2003-02-01,,CL,3812000000,,,,1,D0209790,,,False,205,38440,,
2474794,,142,2003-02-01,,CL,3813000000,,,,1,D0209790,,,False,205,38458,,
2474795,,142,2003-02-01,,CL,3814000000,,,,1,D0209790,,,False,205,38461,,
2474796,,142,2003-02-01,,CL,3815000000,,,,1,D0209790,,,False,205,38464,,
2474797,,142,2003-02-01,,CL,3816000000,,,,1,D0209790,,,False,205,38507,,
2474799,,142,2003-02-01,,CL,3819000000,,,,1,D0209790,,,False,205,38522,,
2474800,,142,2003-02-01,,CL,3820000000,,,,1,D0209790,,,False,205,38525,,
2474801,,142,2003-02-01,,CL,3821000000,,,,1,D0209790,,,False,205,38526,,
2474803,,142,2003-02-01,,CL,3823110000,,,,1,D0209790,,,False,205,59663,,
2474804,,142,2003-02-01,,CL,3823120000,,,,1,D0209790,,,False,205,59664,,
2474805,,142,2003-02-01,,CL,3823130000,,,,1,D0209790,,,False,205,59665,,
2474806,,142,2003-02-01,,CL,3823190000,,,,1,D0209790,,,False,205,59666,,
2474807,,142,2003-02-01,,CL,3824100000,,,,1,D0209790,,,False,205,59672,,
2474809,,142,2003-02-01,,CL,3824300000,,,,1,D0209790,,,False,205,59674,,
2474810,,142,2003-02-01,,CL,3824400000,,,,1,D0209790,,,False,205,59675,,
2474811,,142,2003-02-01,,CL,3824500000,,,,1,D0209790,,,False,205,59676,,
2474812,,142,2003-02-01,,CL,3824710000,,,,1,D0209790,,,False,205,59687,,
2474813,,142,2003-02-01,,CL,3824790000,,,,1,D0209790,,,False,205,59688,,
2474815,,142,2003-02-01,,CL,3825000000,,,,1,D0209790,,,False,205,73467,,
2474930,,142,2003-02-01,,CL,4300000000,,,,1,D0209790,,,False,205,39926,,
2474964,,142,2003-02-01,,CL,5000000000,,,,1,D0209790,,,False,205,40856,,
2474965,,142,2003-02-01,,CL,5100000000,,,,1,D0209790,,,False,205,40952,,
2474966,,142,2003-02-01,,CL,5200000000,,,,1,D0209790,,,False,205,41064,,
2474967,,142,2003-02-01,,CL,5300000000,,,,1,D0209790,,,False,205,41605,,
2474968,,142,2003-02-01,,CL,5400000000,,,,1,D0209790,,,False,205,41701,,
2474983,,142,2003-02-01,,CL,5600000000,,,,1,D0209790,,,False,205,42190,,
2474984,,142,2003-02-01,,CL,5700000000,,,,1,D0209790,,,False,205,42333,,
2474986,,142,2003-02-01,,CL,5900000000,,,,1,D0209790,,,False,205,42601,,
2474987,,142,2003-02-01,,CL,6000000000,,,,1,D0209790,,,False,205,42702,,
2474988,,142,2003-02-01,,CL,6100000000,,,,1,D0209790,,,False,205,42796,,
2474989,,142,2003-02-01,,CL,6200000000,,,,1,D0209790,,,False,205,43115,,
2474991,,142,2003-02-01,,CL,6400000000,,,,1,D0209790,,,False,205,43853,,
2474992,,142,2003-02-01,,CL,6500000000,,,,1,D0209790,,,False,205,44101,,
2474995,,142,2003-02-01,,CL,6700000000,,,,1,D0209790,,,False,205,44150,,
2474996,,142,2003-02-01,,CL,6800000000,,,,1,D0209790,,,False,205,44162,,
2475029,,142,2003-02-01,,CL,7100000000,,,,1,D0209790,,,False,205,44694,,
2475068,,142,2003-02-01,,CL,7300000000,,,,1,D0209790,,,False,205,46039,,
2475087,,142,2003-02-01,,CL,7500000000,,,,1,D0209790,,,False,205,46894,,
2475142,,142,2003-02-01,,CL,8300000000,,,,1,D0209790,,,False,205,47491,,
2475327,,142,2003-02-01,,CL,8600000000,,,,1,D0209790,,,False,205,52935,,
2475347,,142,2003-02-01,,CL,8800000000,,,,1,D0209790,,,False,205,53344,,
2475348,,142,2003-02-01,,CL,8900000000,,,,1,D0209790,,,False,205,53403,,
2475408,,142,2003-02-01,,CL,9200000000,,,,1,D0209790,,,False,205,54178,,
2475457,,142,2003-02-01,,CL,9600000000,,,,1,D0209790,,,False,205,54615,,
2475459,,142,2003-02-01,,CL,3302102900,,,1,1,D0209790,,,False,205,59644,,
2475911,,142,2003-02-01,,CL,1517909300,,,,1,D0209790,,,False,205,32588,,
2476507,,142,2003-02-01,,CL,1302201000,,,,1,D0209791,,,False,205,32302,,
2476509,,142,2003-02-01,,CL,1302209000,,,,1,D0209791,,,False,205,32317,,
2476510,,142,2003-02-01,,CL,1704901000,,,,1,D0209791,,,False,205,33068,,
2476511,,142,2003-02-01,,CL,2008111000,,,,1,D0209791,,,False,205,33775,,
2476513,,142,2003-02-01,,CL,2102103900,,,,1,D0209791,,,False,205,34509,,
2476514,,142,2003-02-01,,CL,2102109000,,,,1,D0209791,,,False,205,34510,,
2476516,,142,2003-02-01,,CL,2102201100,,,,1,D0209791,,,False,205,34515,,
2476518,,142,2003-02-01,,CL,2202100000,,,,1,D0209791,,,False,205,34639,,
2481399,,142,2003-02-01,,CL,0403105100,,,,1,D0209791,,,False,205,29542,,
2481400,,142,2003-02-01,,CL,0403105300,,,,1,D0209791,,,False,205,29545,,
2481401,,142,2003-02-01,,CL,0403105900,,,,1,D0209791,,,False,205,29548,,
2481402,,142,2003-02-01,,CL,0403109100,,,,1,D0209791,,,False,205,29552,,
2481403,,142,2003-02-01,,CL,0403109300,,,,1,D0209791,,,False,205,29555,,
2481404,,142,2003-02-01,,CL,0403109900,,,,1,D0209791,,,False,205,29558,,
2481405,,142,2003-02-01,,CL,0403907100,,,,1,D0209791,,,False,205,29589,,
2481406,,142,2003-02-01,,CL,0403907300,,,,1,D0209791,,,False,205,29592,,
2481407,,142,2003-02-01,,CL,0403907900,,,,1,D0209791,,,False,205,29595,,
2481408,,142,2003-02-01,,CL,0403909100,,,,1,D0209791,,,False,205,29599,,
2481409,,142,2003-02-01,,CL,0403909300,,,,1,D0209791,,,False,205,29602,,
2481410,,142,2003-02-01,,CL,0403909900,,,,1,D0209791,,,False,205,29605,,
2481411,,142,2003-02-01,,CL,1517101000,,,,1,D0209791,,,False,205,32582,,
2481412,,142,2003-02-01,,CL,1517901000,,,,1,D0209791,,,False,205,32585,,
2481420,,142,2003-02-01,,CL,1704905100,,,1,1,D0209791,,,False,205,33071,,
2481421,,142,2003-02-01,,CL,1704905500,,,1,1,D0209791,,,False,205,33077,,
2481422,,142,2003-02-01,,CL,1704906100,,,1,1,D0209791,,,False,205,33078,,
2481423,,142,2003-02-01,,CL,1704906500,,,1,1,D0209791,,,False,205,33080,,
2481424,,142,2003-02-01,,CL,1704907100,,,1,1,D0209791,,,False,205,33081,,
2481425,,142,2003-02-01,,CL,1704907500,,,1,1,D0209791,,,False,205,33082,,
2481426,,142,2003-02-01,,CL,1704908100,,,1,1,D0209791,,,False,205,33084,,
2481427,,142,2003-02-01,,CL,1704909900,,,1,1,D0209791,,,False,205,33085,,
2481428,,142,2003-02-01,,CL,1806102000,,,,1,D0209791,,,False,205,56447,,
2481429,,142,2003-02-01,,CL,1806103000,,,,1,D0209791,,,False,205,33106,,
2481430,,142,2003-02-01,,CL,1806109000,,,,1,D0209791,,,False,205,33109,,
2481431,,142,2003-02-01,,CL,1901901100,,,,1,D0209791,,,False,205,33216,,
2481432,,142,2003-02-01,,CL,1901901900,,,,1,D0209791,,,False,205,33217,,
2481433,,142,2003-02-01,,CL,1902110000,,,,1,D0209791,,,False,205,33277,,
2481434,,142,2003-02-01,,CL,1902191000,,,,1,D0209791,,,False,205,57394,,
2481435,,142,2003-02-01,,CL,1902199000,,,,1,D0209791,,,False,205,57395,,
2481436,,142,2003-02-01,,CL,1902209100,,,,1,D0209791,,,False,205,33290,,
2481437,,142,2003-02-01,,CL,1902209900,,,,1,D0209791,,,False,205,33291,,
2481438,,142,2003-02-01,,CL,1902301000,,,,1,D0209791,,,False,205,33293,,
2481439,,142,2003-02-01,,CL,1902309000,,,,1,D0209791,,,False,205,33294,,
2481440,,142,2003-02-01,,CL,1903000000,,,,1,D0209791,,,False,205,33298,,
2481441,,142,2003-02-01,,CL,1904101000,,,,1,D0209791,,,False,205,33303,,
2481443,,142,2003-02-01,,CL,1904103000,,,,1,D0209791,,,False,205,33304,,
2481444,,142,2003-02-01,,CL,1904109000,,,,1,D0209791,,,False,205,33305,,
2481446,,142,2003-02-01,,CL,1904209100,,,,1,D0209791,,,False,205,59505,,
2481447,,142,2003-02-01,,CL,1904209500,,,,1,D0209791,,,False,205,59506,,
2481448,,142,2003-02-01,,CL,1904209900,,,,1,D0209791,,,False,205,59507,,
2481450,,142,2003-02-01,,CL,1904300000,,,,1,D0209791,,,False,205,72985,,
2481451,,142,2003-02-01,,CL,1904901000,,,,1,D0209791,,,False,205,33307,,
2481453,,142,2003-02-01,,CL,1904908000,,,,1,D0209791,,,False,205,72986,,
2481454,,142,2003-02-01,,CL,1905100000,,,,1,D0209791,,,False,205,33312,,
2481455,,142,2003-02-01,,CL,1905201000,,,,1,D0209791,,,False,205,33314,,
2481456,,142,2003-02-01,,CL,1905203000,,,,1,D0209791,,,False,205,33315,,
2481457,,142,2003-02-01,,CL,1905209000,,,,1,D0209791,,,False,205,33316,,
2481462,,142,2003-02-01,,CL,1806201000,,,1,1,D0209791,,,False,205,33113,,
2481463,,142,2003-02-01,,CL,1806203000,,,1,1,D0209791,,,False,205,33114,,
2481464,,142,2003-02-01,,CL,1806205000,,,1,1,D0209791,,,False,205,33116,,
2481465,,142,2003-02-01,,CL,1806208000,,,1,1,D0209791,,,False,205,33118,,
2481466,,142,2003-02-01,,CL,1806209500,,,1,1,D0209791,,,False,205,33122,,
2481467,,142,2003-02-01,,CL,1806310000,,,1,1,D0209791,,,False,205,33126,,
2481468,,142,2003-02-01,,CL,1806320000,,,1,1,D0209791,,,False,205,33129,,
2481469,,142,2003-02-01,,CL,1806900000,,,1,1,D0209791,,,False,205,33134,,
2481471,,142,2003-02-01,,CL,1806207000,,,1,1,D0209791,,,False,205,33117,,
2481473,,142,2003-02-01,,CL,1905310000,,,1,1,D0209791,,,False,205,72988,,
2481474,,142,2003-02-01,,CL,1905321100,,,1,1,D0209791,,,False,205,72999,,
2481475,,142,2003-02-01,,CL,1905321900,,,1,1,D0209791,,,False,205,73000,,
2481476,,142,2003-02-01,,CL,1905329900,,,1,1,D0209791,,,False,205,73003,,
2481479,,142,2003-02-01,,CL,2001904000,,,,1,D0209791,,,False,205,33400,,
2481480,,142,2003-02-01,,CL,2008998500,,,,1,D0209791,,,False,205,34135,,
2481482,,142,2003-02-01,,CL,2008999100,,,,1,D0209791,,,False,205,34136,,
2481484,,142,2003-02-01,,CL,2101301900,,,,1,D0209791,,,False,205,34498,,
2481485,,142,2003-02-01,,CL,2101309900,,,,1,D0209791,,,False,205,34501,,
2481491,,142,2003-02-01,,CL,1905904500,,,1,1,D0209791,,,False,205,33363,,
2481492,,142,2003-02-01,,CL,1905905500,,,1,1,D0209791,,,False,205,33374,,
2481493,,142,2003-02-01,,CL,1905901000,,,,1,D0209791,,,False,205,33358,,
2481494,,142,2003-02-01,,CL,1905902000,,,,1,D0209791,,,False,205,33359,,
2481502,,142,2003-02-01,,CL,1905329100,,,1,1,D0209791,,,False,205,73002,,
2481551,,142,2003-02-01,,CL,2105001000,,,,1,D0209791,,,False,205,34557,,
2481552,,142,2003-02-01,,CL,2105009100,,,,1,D0209791,,,False,205,34561,,
2481553,,142,2003-02-01,,CL,2105009900,,,,1,D0209791,,,False,205,34564,,
2490972,,142,2003-02-01,,CL,1522001000,,,,1,D0209790,,,False,205,32648,,
2490973,,142,2003-02-01,,CL,1704903000,,,,1,D0209791,,,False,205,33069,,
2610321,,142,2004-01-01,,CL,0205000000,,,,1,D0209790,,,False,205,28039,,
2611399,,142,2004-01-01,,CL,2302500000,,,,1,D0209790,,,False,205,35142,,
2614240,,142,2004-01-01,,CL,2905120000,,,,1,D0209790,,,False,205,36342,,
2614241,,142,2004-01-01,,CL,2905130000,,,,1,D0209790,,,False,205,36343,,
2614281,,142,2004-01-01,,CL,2905170000,,,,1,D0209790,,,False,205,36355,,
2614282,,142,2004-01-01,,CL,2905190000,,,,1,D0209790,,,False,205,36356,,
2614283,,142,2004-01-01,,CL,2905220000,,,,1,D0209790,,,False,205,36363,,
2614284,,142,2004-01-01,,CL,2905290000,,,,1,D0209790,,,False,205,36366,,
2627632,,142,2004-01-01,,CL,1905320500,,,1,1,D0209791,,,False,205,77194,,
2703192,,142,2005-01-01,,CL,0302220000,,,,1,D0209790,,,False,205,28423,,
2703246,,142,2005-01-01,,CL,0410000000,,,,1,D0209790,,,False,205,30012,,
2703247,,142,2005-01-01,,CL,0901210000,,,,1,D0209790,,,False,205,31705,,
2703248,,142,2005-01-01,,CL,0905000000,,,,1,D0209790,,,False,205,31738,,
2703251,,142,2005-01-01,,CL,1210000000,,,,1,D0209790,,,False,205,32232,,
2703257,,142,2005-01-01,,CL,1604110000,,,,1,D0209790,,,False,205,32763,,
2703258,,142,2005-01-01,,CL,1604201000,,,,1,D0209790,,,False,205,32875,,
2703650,,142,2005-01-01,,CL,2102300000,,,,1,D0209790,,,False,205,34522,,
2705727,,142,2005-01-01,,CL,2905310000,,,,1,D0209790,,,False,205,36368,,
2705728,,142,2005-01-01,,CL,2905320000,,,,1,D0209790,,,False,205,36369,,
2705731,,142,2005-01-01,,CL,2905410000,,,,1,D0209790,,,False,205,36378,,
2705732,,142,2005-01-01,,CL,2905420000,,,,1,D0209790,,,False,205,36379,,
2705793,,142,2005-01-01,,CL,2927000000,,,,1,D0209790,,,False,205,37029,,
2705825,,142,2005-01-01,,CL,3507100000,,,,1,D0209790,,,False,205,38181,,
2705828,,142,2005-01-01,,CL,3817000000,,,,1,D0209790,,,False,205,38508,,
2855577,,142,2006-01-01,,CL,0207149100,,,,1,D0209790,,,False,205,59238,,
2855578,,142,2006-01-01,,CL,0207279100,,,,1,D0209790,,,False,205,59275,,
2855583,,142,2006-01-01,,CL,0210991000,,,,1,D0209790,,,False,205,72799,,
2855617,,142,2006-01-01,,CL,0901120000,,,,1,D0209790,,,False,205,31703,,
2855618,,142,2006-01-01,,CL,0901220000,,,,1,D0209790,,,False,205,31706,,
2855619,,142,2006-01-01,,CL,0907000000,,,,1,D0209790,,,False,205,31742,,
2855621,,142,2006-01-01,,CL,1106100000,,,,1,D0209790,,,False,205,32064,,
2855636,,142,2006-01-01,,CL,1515902900,,,,1,D0209790,,,False,205,32546,,
2855637,,142,2006-01-01,,CL,1515905900,,,,1,D0209790,,,False,205,32555,,
2855641,,142,2006-01-01,,CL,1604191000,,,,1,D0209790,,,False,205,32841,,
2855642,,142,2006-01-01,,CL,1604199100,,,,1,D0209790,,,False,205,32856,,
2855643,,142,2006-01-01,,CL,1604203000,,,,1,D0209790,,,False,205,32881,,
2855645,,142,2006-01-01,,CL,1804000000,,,,1,D0209790,,,False,205,33094,,
2855646,,142,2006-01-01,,CL,1805000000,,,,1,D0209790,,,False,205,33095,,
2855647,,142,2006-01-01,,CL,1902201000,,,,1,D0209790,,,False,205,33287,,
2855652,,142,2006-01-01,,CL,2008991100,,,,1,D0209790,,,False,205,34050,,
2855653,,142,2006-01-01,,CL,2101110000,,,,1,D0209790,,,False,205,59515,,
2855655,,142,2006-01-01,,CL,2309109000,,,,1,D0209790,,,False,205,35205,,
2857852,,142,2003-02-01,,CL,2942000000,,,,1,D0209790,,,False,205,37613,,
2910963,,142,2006-07-01,,CL,0106000000,,,,1,D0209790,,,False,205,27802,,
2910986,,142,2006-07-01,,CL,0206800000,,,,1,D0209790,,,False,205,28097,,
2911001,,142,2006-07-01,,CL,0206900000,,,,1,D0209790,,,False,205,28102,,
2911010,,142,2006-07-01,,CL,0904000000,,,,1,D0209790,,,False,205,31715,,
2911032,,142,2006-07-01,,CL,1209000000,,,,1,D0209790,,,False,205,32169,,
2911033,,142,2006-07-01,,CL,1214000000,,,,1,D0209790,,,False,205,32272,,
2911034,,142,2006-07-01,,CL,1503000000,,,,1,D0209790,,,False,205,32367,,
2911042,,142,2006-07-01,,CL,1515210000,,,,1,D0209790,,,False,205,32521,,
2911043,,142,2006-07-01,,CL,1515300000,,,,1,D0209790,,,False,205,32527,,
2911044,,142,2006-07-01,,CL,1518000000,,,,1,D0209790,,,False,205,32590,,
2911082,,142,2006-07-01,,CL,2800000000,,,,1,D0209790,,,False,205,35719,,
2911083,,142,2006-07-01,,CL,2903000000,,,,1,D0209790,,,False,205,36225,,
2911084,,142,2006-07-01,,CL,2904000000,,,,1,D0209790,,,False,205,36312,,
2911085,,142,2006-07-01,,CL,2905140000,,,,1,D0209790,,,False,205,36344,,
2911086,,142,2006-07-01,,CL,2905160000,,,,1,D0209790,,,False,205,36350,,
2911087,,142,2006-07-01,,CL,2905390000,,,,1,D0209790,,,False,205,36370,,
2911088,,142,2006-07-01,,CL,2905490000,,,,1,D0209790,,,False,205,36388,,
2911089,,142,2006-07-01,,CL,2905590000,,,,1,D0209790,,,False,205,73212,,
2911092,,142,2006-07-01,,CL,2907000000,,,,1,D0209790,,,False,205,36416,,
2911093,,142,2006-07-01,,CL,2909000000,,,,1,D0209790,,,False,205,36465,,
2911094,,142,2006-07-01,,CL,2912000000,,,,1,D0209790,,,False,205,36520,,
2911095,,142,2006-07-01,,CL,2914000000,,,,1,D0209790,,,False,205,36540,,
2911096,,142,2006-07-01,,CL,2915000000,,,,1,D0209790,,,False,205,36587,,
2911097,,142,2006-07-01,,CL,2916000000,,,,1,D0209790,,,False,205,36644,,
2911098,,142,2006-07-01,,CL,2917000000,,,,1,D0209790,,,False,205,36694,,
2911099,,142,2006-07-01,,CL,2918000000,,,,1,D0209790,,,False,205,36744,,
2911100,,142,2006-07-01,,CL,2921000000,,,,1,D0209790,,,False,205,36826,,
2911101,,142,2006-07-01,,CL,2922000000,,,,1,D0209790,,,False,205,36896,,
2911102,,142,2006-07-01,,CL,2926000000,,,,1,D0209790,,,False,205,37012,,
2911103,,142,2006-07-01,,CL,2929000000,,,,1,D0209790,,,False,205,37042,,
2911104,,142,2006-07-01,,CL,2930000000,,,,1,D0209790,,,False,205,37063,,
2911105,,142,2006-07-01,,CL,2932000000,,,,1,D0209790,,,False,205,37122,,
2911106,,142,2006-07-01,,CL,2933000000,,,,1,D0209790,,,False,205,37193,,
2911107,,142,2006-07-01,,CL,2935000000,,,,1,D0209790,,,False,205,37418,,
2911108,,142,2006-07-01,,CL,2940000000,,,,1,D0209790,,,False,205,37534,,
2911109,,142,2006-07-01,,CL,3100000000,,,,1,D0209790,,,False,205,37773,,
2911110,,142,2006-07-01,,CL,3200000000,,,,1,D0209790,,,False,205,37842,,
2911165,,142,2007-01-01,,CL,0600000000,,,,1,D0209790,,,False,205,30055,,
2911167,,142,2007-01-01,,CL,0709590000,,,,1,D0209790,,,False,205,72874,,
2911168,,142,2006-07-01,,CL,2924000000,,,,1,D0209790,,,False,205,36969,,
2911174,,142,2007-01-01,,CL,0709600000,,,,1,D0209790,,,False,205,30520,,
2911176,,142,2007-01-01,,CL,0804000000,,,,1,D0209790,,,False,205,30853,,
2911180,,142,2007-01-01,,CL,0807000000,,,,1,D0209790,,,False,205,31215,,
2911200,,142,2007-01-01,,CL,1507000000,,,,1,D0209790,,,False,205,32395,,
2911201,,142,2007-01-01,,CL,1508000000,,,,1,D0209790,,,False,205,32404,,
2911202,,142,2007-01-01,,CL,1515190000,,,,1,D0209790,,,False,205,32517,,
2911204,,142,2007-01-01,,CL,3501000000,,,,1,D0209790,,,False,205,38116,,
2911205,,142,2007-01-01,,CL,3502900000,,,,1,D0209790,,,False,205,38132,,
2911206,,142,2006-07-01,,CL,3507900000,,,,1,D0209790,,,False,205,38182,,
2911207,,142,2006-07-01,,CL,3802000000,,,,1,D0209790,,,False,205,38330,,
2911217,,142,2006-07-01,,CL,3900000000,,,,1,D0209790,,,False,205,38659,,
2911218,,142,2006-07-01,,CL,4000000000,,,,1,D0209790,,,False,205,39532,,
2911240,,142,2006-07-01,,CL,4100000000,,,,1,D0209790,,,False,205,39711,,
2911241,,142,2006-07-01,,CL,4200000000,,,,1,D0209790,,,False,205,39807,,
2911242,,142,2006-07-01,,CL,4400000000,,,,1,D0209790,,,False,205,39988,,
2911243,,142,2006-07-01,,CL,4500000000,,,,1,D0209790,,,False,205,40315,,
2911259,,142,2006-07-01,,CL,5500000000,,,,1,D0209790,,,False,205,41901,,
2911260,,142,2006-07-01,,CL,5800000000,,,,1,D0209790,,,False,205,42449,,
2911261,,142,2006-07-01,,CL,6300000000,,,,1,D0209790,,,False,205,43610,,
2911262,,142,2006-07-01,,CL,6600000000,,,,1,D0209790,,,False,205,44132,,
2911263,,142,2006-07-01,,CL,6900000000,,,,1,D0209790,,,False,205,44310,,
2911264,,142,2006-07-01,,CL,7000000000,,,,1,D0209790,,,False,205,44408,,
2911302,,142,2006-07-01,,CL,7201000000,,,,1,D0209790,,,False,205,44812,,
2911303,,142,2006-07-01,,CL,7202000000,,,,1,D0209790,,,False,205,44824,,
2911304,,142,2006-07-01,,CL,7400000000,,,,1,D0209790,,,False,205,46740,,
2911305,,142,2006-07-01,,CL,7600000000,,,,1,D0209790,,,False,205,46925,,
2911306,,142,2006-07-01,,CL,7800000000,,,,1,D0209790,,,False,205,47089,,
2911321,,142,2006-07-01,,CL,8100000000,,,,1,D0209790,,,False,205,47149,,
2911326,,142,2006-07-01,,CL,8200000000,,,,1,D0209790,,,False,205,47288,,
2911337,,142,2006-07-01,,CL,8400000000,,,,1,D0209790,,,False,205,47571,,
2911432,,142,2006-07-01,,CL,8500000000,,,,1,D0209790,,,False,205,49496,,
2911433,,142,2006-07-01,,CL,8700000000,,,,1,D0209790,,,False,205,53015,,
2911444,,142,2006-07-01,,CL,9000000000,,,,1,D0209790,,,False,205,53472,,
2911445,,142,2006-07-01,,CL,9100000000,,,,1,D0209790,,,False,205,54014,,
2911446,,142,2006-07-01,,CL,9300000000,,,,1,D0209790,,,False,205,54234,,
2911447,,142,2006-07-01,,CL,9400000000,,,,1,D0209790,,,False,205,54291,,
2911448,,142,2006-07-01,,CL,9500000000,,,,1,D0209790,,,False,205,54476,,
2911713,,142,2006-07-01,,CL,4600000000,,,,1,D0209790,,,False,205,40339,,
2911714,,142,2006-07-01,,CL,7900000000,,,,1,D0209790,,,False,205,47112,,
2920372,,142,2007-01-01,,CL,1806101500,,,,1,D0209790,,,False,205,56446,,
2920586,,142,2007-01-01,,CL,0207139100,,,,1,D0209790,,,False,205,59225,,
2920587,,142,2007-01-01,,CL,0207269100,,,,1,D0209790,,,False,205,59260,,
2920596,,142,2007-01-01,,CL,0210997900,,,,1,D0209790,,,False,205,72824,,
2920598,,142,2007-01-01,,CL,0301930000,,,,1,D0209790,,,False,205,28385,,
2920600,,142,2007-01-01,,CL,0302190000,,,,1,D0209790,,,False,205,28415,,
2920652,,142,2007-01-01,,CL,0305420000,,,,1,D0209790,,,False,205,29203,,
2920694,,142,2007-01-01,,CL,0701909000,,,,1,D0209790,,,False,205,30255,,
2920723,,142,2007-01-01,,CL,0703900000,,,,1,D0209790,,,False,205,30316,,
2920724,,142,2007-01-01,,CL,0705190000,,,,1,D0209790,,,False,205,30371,,
2920725,,142,2007-01-01,,CL,0705210000,,,,1,D0209790,,,False,205,30373,,
2920726,,142,2007-01-01,,CL,0705290000,,,,1,D0209790,,,False,205,30374,,
2920728,,142,2007-01-01,,CL,0708100000,,,,1,D0209790,,,False,205,30424,,
2920729,,142,2007-01-01,,CL,0708900000,,,,1,D0209790,,,False,205,30455,,
2920733,,142,2007-01-01,,CL,0709700000,,,,1,D0209790,,,False,205,30535,,
2920751,,142,2007-01-01,,CL,0711590000,,,,1,D0209790,,,False,205,72882,,
2920752,,142,2007-01-01,,CL,0711905000,,,,1,D0209790,,,False,205,72889,,
2920753,,142,2007-01-01,,CL,0711908000,,,,1,D0209790,,,False,205,72890,,
2920754,,142,2007-01-01,,CL,0712900500,,,,1,D0209790,,,False,205,59444,,
2920755,,142,2007-01-01,,CL,0712909000,,,,1,D0209790,,,False,205,30720,,
2920757,,142,2007-01-01,,CL,0805509000,,,,1,D0209790,,,False,205,72903,,
2920760,,142,2007-01-01,,CL,0808101000,,,,1,D0209790,,,False,205,31256,,
2920762,,142,2007-01-01,,CL,0809409000,,,,1,D0209790,,,False,205,31408,,
2920778,,142,2007-01-01,,CL,0811101900,,,,1,D0209790,,,False,205,31530,,
2920780,,142,2007-01-01,,CL,0811109000,,,,1,D0209790,,,False,205,31533,,
2920802,,142,2007-01-01,,CL,0811203900,,,,1,D0209790,,,False,205,31556,,
2920803,,142,2007-01-01,,CL,0811205900,,,,1,D0209790,,,False,205,31562,,
2920804,,142,2007-01-01,,CL,0811903900,,,,1,D0209790,,,False,205,57318,,
2920805,,142,2007-01-01,,CL,0811907500,,,,1,D0209790,,,False,205,31598,,
2920806,,142,2007-01-01,,CL,0811908000,,,,1,D0209790,,,False,205,31601,,
2920811,,142,2007-01-01,,CL,1006101000,,,,1,D0209790,,,False,205,31829,,
2920866,,142,2007-01-01,,CL,1515903900,,,,1,D0209790,,,False,205,32549,,
2920867,,142,2007-01-01,,CL,1515909900,,,,1,D0209790,,,False,205,32560,,
2920870,,142,2007-01-01,,CL,1517909100,,,,1,D0209790,,,False,205,32587,,
2920874,,142,2007-01-01,,CL,1602310000,,,,1,D0209790,,,False,205,32687,,
2920887,,142,2007-01-01,,CL,1604195000,,,,1,D0209790,,,False,205,32854,,
2920890,,142,2007-01-01,,CL,1604199200,,,,1,D0209790,,,False,205,32862,,
2920902,,142,2007-01-01,,CL,1604199300,,,,1,D0209790,,,False,205,32863,,
2920903,,142,2007-01-01,,CL,1604199400,,,,1,D0209790,,,False,205,32866,,
2920904,,142,2007-01-01,,CL,1604199500,,,,1,D0209790,,,False,205,32867,,
2920906,,142,2007-01-01,,CL,1604200500,,,,1,D0209790,,,False,205,32873,,
2920915,,142,2007-01-01,,CL,1702209000,,,,1,D0209790,,,False,205,33024,,
2920916,,142,2007-01-01,,CL,1803000000,,,,1,D0209790,,,False,205,33091,,
2920918,,142,2007-01-01,,CL,2002903100,,,,1,D0209790,,,False,205,33504,,
2920919,,142,2007-01-01,,CL,2002909100,,,,1,D0209790,,,False,205,33508,,
2920920,,142,2007-01-01,,CL,2008405100,,,,1,D0209790,,,False,205,33890,,
2920923,,142,2007-01-01,,CL,2008506100,,,,1,D0209790,,,False,205,33912,,
2920924,,142,2007-01-01,,CL,2008509200,,,,1,D0209790,,,False,205,55625,,
2920925,,142,2007-01-01,,CL,2008603900,,,,1,D0209790,,,False,205,33935,,
2920933,,142,2007-01-01,,CL,2008994300,,,,1,D0209790,,,False,205,34084,,
2920934,,142,2007-01-01,,CL,2008994900,,,,1,D0209790,,,False,205,55384,,
2920935,,142,2007-01-01,,CL,2008997200,,,,1,D0209790,,,False,205,55629,,
2920936,,142,2007-01-01,,CL,2008999900,,,,1,D0209790,,,False,205,34139,,
2920937,,142,2007-01-01,,CL,2009719900,,,,1,D0209790,,,False,205,73093,,
2920943,,142,2007-01-01,,CL,2009901900,,,,1,D0209790,,,False,205,34405,,
2920944,,142,2007-01-01,,CL,2009903900,,,,1,D0209790,,,False,205,34421,,
2920945,,142,2007-01-01,,CL,2101129200,,,,1,D0209790,,,False,205,59519,,
2920952,,142,2007-01-01,,CL,2101301100,,,,1,D0209790,,,False,205,34497,,
2920953,,142,2007-01-01,,CL,2101309100,,,,1,D0209790,,,False,205,34500,,
2920955,,142,2007-01-01,,CL,2104100000,,,,1,D0209790,,,False,205,34546,,
2920965,,142,2007-01-01,,CL,2204291000,,,,1,D0209790,,,False,205,34813,,
2924242,,142,2007-01-01,,CL,1605000000,,,,1,D0209790,,,False,205,32914,,
2928687,,142,2007-01-01,,CL,3824720000,,,,1,D0209790,,,False,205,85804,,
2928722,,142,2007-01-01,,CL,3824730000,,,,1,D0209790,,,False,205,85806,,
2928744,,142,2007-01-01,,CL,3824740000,,,,1,D0209790,,,False,205,85805,,
2928768,,142,2007-01-01,,CL,3824750000,,,,1,D0209790,,,False,205,85807,,
2928797,,142,2007-01-01,,CL,3824760000,,,,1,D0209790,,,False,205,85808,,
2928832,,142,2007-01-01,,CL,3824770000,,,,1,D0209790,,,False,205,85809,,
2928854,,142,2007-01-01,,CL,3824780000,,,,1,D0209790,,,False,205,85810,,
2928876,,142,2007-01-01,,CL,3824810000,,,,1,D0209790,,,False,205,85812,,
2928895,,142,2007-01-01,,CL,3824820000,,,,1,D0209790,,,False,205,85813,,
2928964,,142,2007-01-01,,CL,3824830000,,,,1,D0209790,,,False,205,85814,,
2931116,,142,2007-01-01,,CL,0711907000,,,,1,D0209790,,,False,205,86414,,
2931168,,142,2007-01-01,,CL,0910993300,,,,1,D0209790,,,False,205,86435,,
2931171,,142,2007-01-01,,CL,0910993900,,,,1,D0209790,,,False,205,86436,,
2931174,,142,2007-01-01,,CL,0910995000,,,,1,D0209790,,,False,205,86437,,
2931306,,142,2007-01-01,,CL,1212994900,,,,1,D0209790,,,False,205,86497,,
2957752,,145,2007-01-01,,CL,0711201000,,,,1,D0209790,,,False,205,30629,,
2965005,,145,2007-01-01,,CL,0701901000,,,,1,D0209790,,,False,205,30244,,
2985221,,142,2008-01-01,,CL,1704101000,,,,1,D0209791,,,False,205,89284,,
2985241,,142,2008-01-01,,CL,1704109000,,,,1,D0209791,,,False,205,89285,,
2988297,,142,2008-01-01,,CL,0910919000,,,,1,D0209791,,,False,205,31788,,
2988298,,142,2008-01-01,,CL,0910999900,,,,1,D0209791,,,False,205,31793,,
2988362,,142,2008-01-01,,CL,2006009100,,,,1,D0209791,,,False,205,55421,,
2991728,,142,2008-01-01,,CL,2008910000,,,,1,D0209791,,,False,205,33997,,
2991797,,142,2008-01-01,,CL,2309909100,,,,1,D0209791,,,False,205,35242,,
3044144,,142,2009-01-01,,CL,2401108510,,,,4,D0607920,,,False,205,90553,,
3044147,,142,2009-01-01,,CL,2401103510,,,,4,D0607920,,,False,205,90548,,
3044148,,142,2009-01-01,,CL,2401103520,,,,4,D0607920,,,False,205,90549,,
3044152,,142,2009-01-01,,CL,2401109511,,,,4,D0607920,,,False,205,90567,,
3044153,,142,2009-01-01,,CL,2401109519,,,,4,D0607920,,,False,205,90559,,
3044154,,142,2009-01-01,,CL,2401109521,,,,4,D0607920,,,False,205,90569,,
3044155,,142,2009-01-01,,CL,2401109529,,,,4,D0607920,,,False,205,90562,,
3044160,,142,2009-01-01,,CL,2401103591,,,,4,D0607920,,,False,205,90551,,
3044161,,142,2009-01-01,,CL,2401103599,,,,4,D0607920,,,False,205,90552,,
3044162,,142,2009-01-01,,CL,2401108590,,,,4,D0607920,,,False,205,90555,,
3044166,,142,2009-01-01,,CL,2401109591,,,,4,D0607920,,,False,205,90564,,
3044167,,142,2009-01-01,,CL,2401109599,,,,4,D0607920,,,False,205,90565,,
3044180,,142,2009-01-01,,CL,2401203510,,,,4,D0607920,,,False,205,90573,,
3044183,,142,2009-01-01,,CL,2401203520,,,,4,D0607920,,,False,205,90574,,
3044184,,142,2009-01-01,,CL,2401203591,,,,4,D0607920,,,False,205,90577,,
3044187,,142,2009-01-01,,CL,2401203599,,,,4,D0607920,,,False,205,90578,,
3044188,,142,2009-01-01,,CL,2401208510,,,,4,D0607920,,,False,205,90579,,
3044191,,142,2009-01-01,,CL,2401208590,,,,4,D0607920,,,False,205,90580,,
3044192,,142,2009-01-01,,CL,2401209511,,,,4,D0607920,,,False,205,90583,,
3044195,,142,2009-01-01,,CL,2401209519,,,,4,D0607920,,,False,205,90584,,
3044196,,142,2009-01-01,,CL,2401209521,,,,4,D0607920,,,False,205,90586,,
3044199,,142,2009-01-01,,CL,2401209529,,,,4,D0607920,,,False,205,90598,,
3044200,,142,2009-01-01,,CL,2401209591,,,,4,D0607920,,,False,205,90596,,
3044203,,142,2009-01-01,,CL,2401209599,,,,4,D0607920,,,False,205,90595,,
3055940,,142,2009-01-01,,CL,0901909000,,,,1,D0209791,,,False,205,59479,,
3055943,,142,2009-01-01,,CL,1105000000,,,,1,D0209791,,,False,205,32060,,
3055946,,142,2009-01-01,,CL,1504201000,,,,1,D0209791,,,False,205,32380,,
3056290,,142,2009-01-01,,CL,2007109100,,,,1,D0209791,,,False,205,55466,,
3056441,,142,2009-01-01,,CL,2008119100,,,,1,D0209791,,,False,205,89355,,
3056442,,142,2009-01-01,,CL,2008119600,,,,1,D0209791,,,False,205,55480,,
3056487,,142,2009-01-01,,CL,2009120000,,,,1,D0209791,,,False,205,73012,,
3056488,,142,2009-01-01,,CL,2009199800,,,,1,D0209791,,,False,205,74280,,
3056489,,142,2009-01-01,,CL,2009210000,,,,1,D0209791,,,False,205,73014,,
3056490,,142,2009-01-01,,CL,2009299900,,,,1,D0209791,,,False,205,73019,,
3056678,,142,2009-01-01,,CL,2009909500,,,,1,D0209791,,,False,205,55647,,
3056679,,142,2009-01-01,,CL,2009909700,,,,1,D0209791,,,False,205,55649,,
3108875,,142,2010-01-01,,CL,0210995900,,,,1,D0209791,,,False,205,72817,,
3108876,,142,2010-01-01,,CL,0409000000,,,,1,D0209791,,,False,205,30011,,
3108877,,142,2010-01-01,,CL,0704200000,,,,1,D0209791,,,False,205,30326,,
3108878,,142,2010-01-01,,CL,0704909000,,,,1,D0209791,,,False,205,30329,,
3108879,,142,2010-01-01,,CL,0706100000,,,,1,D0209791,,,False,205,30381,,
3108882,,142,2010-01-01,,CL,0707009000,,,,1,D0209791,,,False,205,30422,,
3108883,,142,2010-01-01,,CL,0709300000,,,,1,D0209791,,,False,205,30490,,
3108884,,142,2010-01-01,,CL,0709400000,,,,1,D0209791,,,False,205,30497,,
3108885,,142,2010-01-01,,CL,0709510000,,,,1,D0209791,,,False,205,30514,,
3108886,,142,2010-01-01,,CL,0710100000,,,,1,D0209791,,,False,205,30589,,
3108887,,142,2010-01-01,,CL,0710210000,,,,1,D0209791,,,False,205,30591,,
3108888,,142,2010-01-01,,CL,0710220000,,,,1,D0209791,,,False,205,30594,,
3108889,,142,2010-01-01,,CL,0710290000,,,,1,D0209791,,,False,205,30595,,
3108890,,142,2010-01-01,,CL,0710300000,,,,1,D0209791,,,False,205,30598,,
3108893,,142,2010-01-01,,CL,0710900000,,,,1,D0209791,,,False,205,30625,,
3108894,,142,2010-01-01,,CL,0711400000,,,,1,D0209791,,,False,205,30636,,
3108895,,142,2010-01-01,,CL,0711909000,,,,1,D0209791,,,False,205,30681,,
3108896,,142,2010-01-01,,CL,0712200000,,,,1,D0209791,,,False,205,30684,,
3108897,,142,2010-01-01,,CL,0712310000,,,,1,D0209791,,,False,205,72895,,
3108898,,142,2010-01-01,,CL,0712320000,,,,1,D0209791,,,False,205,72896,,
3108899,,142,2010-01-01,,CL,0712330000,,,,1,D0209791,,,False,205,72897,,
3108900,,142,2010-01-01,,CL,0712390000,,,,1,D0209791,,,False,205,72898,,
3108901,,142,2010-01-01,,CL,0712903000,,,,1,D0209791,,,False,205,30716,,
3108902,,142,2010-01-01,,CL,0712905000,,,,1,D0209791,,,False,205,30719,,
3108905,,142,2010-01-01,,CL,0805900000,,,,1,D0209791,,,False,205,31159,,
3108906,,142,2010-01-01,,CL,0806109000,,,,1,D0209791,,,False,205,70935,,
3108908,,142,2010-01-01,,CL,0811201900,,,,1,D0209791,,,False,205,31545,,
3108909,,142,2010-01-01,,CL,0811203100,,,,1,D0209791,,,False,205,31553,,
3108918,,142,2010-01-01,,CL,1515905100,,,,1,D0209791,,,False,205,32554,,
3108919,,142,2010-01-01,,CL,1515909100,,,,1,D0209791,,,False,205,32559,,
3108922,,142,2010-01-01,,CL,1602201000,,,,1,D0209791,,,False,205,89226,,
3108923,,142,2010-01-01,,CL,1602321900,,,,1,D0209791,,,False,205,59489,,
3108924,,142,2010-01-01,,CL,1602323000,,,,1,D0209791,,,False,205,59490,,
3108925,,142,2010-01-01,,CL,1602329000,,,,1,D0209791,,,False,205,59491,,
3108926,,142,2010-01-01,,CL,1602392900,,,,1,D0209791,,,False,205,59494,,
3108929,,142,2010-01-01,,CL,1602419000,,,,1,D0209791,,,False,205,32702,,
3108930,,142,2010-01-01,,CL,1602429000,,,,1,D0209791,,,False,205,32705,,
3108931,,142,2010-01-01,,CL,1602499000,,,,1,D0209791,,,False,205,32715,,
3108934,,142,2010-01-01,,CL,1602903100,,,,1,D0209791,,,False,205,32735,,
3108938,,142,2010-01-01,,CL,2002100000,,,,1,D0209791,,,False,205,33492,,
3108939,,142,2010-01-01,,CL,2002901100,,,,1,D0209791,,,False,205,33500,,
3108940,,142,2010-01-01,,CL,2002901900,,,,1,D0209791,,,False,205,33501,,
3108941,,142,2010-01-01,,CL,2002903900,,,,1,D0209791,,,False,205,33505,,
3108942,,142,2010-01-01,,CL,2002909900,,,,1,D0209791,,,False,205,33509,,
3108944,,142,2010-01-01,,CL,2004101000,,,,1,D0209791,,,False,205,33547,,
3108945,,142,2010-01-01,,CL,2004909100,,,,1,D0209791,,,False,205,33559,,
3108946,,142,2010-01-01,,CL,2005202000,,,,1,D0209791,,,False,205,33618,,
3108947,,142,2010-01-01,,CL,2005208000,,,,1,D0209791,,,False,205,33619,,
3108948,,142,2010-01-01,,CL,2005600000,,,,1,D0209791,,,False,205,33630,,
3108949,,142,2010-01-01,,CL,2005700000,,,,1,D0209791,,,False,205,33631,,
3108951,,142,2010-01-01,,CL,2007999700,,,,1,D0209791,,,False,205,89345,,
3108952,,142,2010-01-01,,CL,2007999300,,,,1,D0209791,,,False,205,55474,,
3108953,,142,2010-01-01,,CL,2008119800,,,,1,D0209791,,,False,205,55483,,
3108954,,142,2010-01-01,,CL,2008405900,,,,1,D0209791,,,False,205,33891,,
3108955,,142,2010-01-01,,CL,2008407100,,,,1,D0209791,,,False,205,33893,,
3108956,,142,2010-01-01,,CL,2008407900,,,,1,D0209791,,,False,205,33894,,
3108959,,142,2010-01-01,,CL,2008506900,,,,1,D0209791,,,False,205,33913,,
3108960,,142,2010-01-01,,CL,2008507100,,,,1,D0209791,,,False,205,33915,,
3108961,,142,2010-01-01,,CL,2008507900,,,,1,D0209791,,,False,205,33916,,
3108964,,142,2010-01-01,,CL,2008601100,,,,1,D0209791,,,False,205,33928,,
3108965,,142,2010-01-01,,CL,2008603100,,,,1,D0209791,,,False,205,33934,,
3108972,,142,2010-01-01,,CL,2008706100,,,,1,D0209791,,,False,205,33970,,
3108973,,142,2010-01-01,,CL,2008706900,,,,1,D0209791,,,False,205,33971,,
3108974,,142,2010-01-01,,CL,2008707100,,,,1,D0209791,,,False,205,33973,,
3108975,,142,2010-01-01,,CL,2008707900,,,,1,D0209791,,,False,205,33974,,
3108976,,142,2010-01-01,,CL,2008709200,,,,1,D0209791,,,False,205,55627,,
3108977,,142,2010-01-01,,CL,2008709800,,,,1,D0209791,,,False,205,77254,,
3108978,,142,2010-01-01,,CL,2008805000,,,,1,D0209791,,,False,205,33991,,
3108979,,142,2010-01-01,,CL,2008807000,,,,1,D0209791,,,False,205,33992,,
3108983,,142,2010-01-01,,CL,2008993600,,,,1,D0209791,,,False,205,55423,,
3108984,,142,2010-01-01,,CL,2008994500,,,,1,D0209791,,,False,205,34085,,
3108985,,142,2010-01-01,,CL,2008996300,,,,1,D0209791,,,False,205,89374,,
3108986,,142,2010-01-01,,CL,2008996700,,,,1,D0209791,,,False,205,77249,,
3108987,,142,2010-01-01,,CL,2008997800,,,,1,D0209791,,,False,205,74503,,
3108991,,142,2010-01-01,,CL,2009393100,,,,1,D0209791,,,False,205,73039,,
3108992,,142,2010-01-01,,CL,2009395500,,,,1,D0209791,,,False,205,73053,,
3108993,,142,2010-01-01,,CL,2009399500,,,,1,D0209791,,,False,205,73057,,
3108996,,142,2010-01-01,,CL,2009791900,,,,1,D0209791,,,False,205,73096,,
3108997,,142,2010-01-01,,CL,2009793000,,,,1,D0209791,,,False,205,73097,,
3109001,,142,2010-01-01,,CL,2009902900,,,,1,D0209791,,,False,205,34415,,
3109002,,142,2010-01-01,,CL,2009905900,,,,1,D0209791,,,False,205,34432,,
3109003,,142,2010-01-01,,CL,2104200000,,,,1,D0209791,,,False,205,34555,,
3109004,,142,2010-01-01,,CL,2106102000,,,,1,D0209791,,,False,205,57520,,
3110795,,142,2010-01-01,,CL,0305410000,,,,4,D0607920,,,False,205,29200,,
3110796,,142,2010-01-01,,CL,0704901000,,,,4,D0607920,,,False,205,30328,,
3110797,,142,2010-01-01,,CL,0710400000,,,,4,D0607920,,,False,205,30601,,
3110798,,142,2010-01-01,,CL,0711510000,,,,4,D0607920,,,False,205,72881,,
3110799,,142,2010-01-01,,CL,0711903000,,,,4,D0607920,,,False,205,30642,,
3110801,,142,2010-01-01,,CL,0811201100,,,,4,D0607920,,,False,205,31538,,
3110802,,142,2010-01-01,,CL,0811901100,,,,4,D0607920,,,False,205,57289,,
3110803,,142,2010-01-01,,CL,0811901900,,,,4,D0607920,,,False,205,57292,,
3110810,,142,2010-01-01,,CL,1604193100,,,,4,D0607920,,,False,205,32848,,
3110812,,142,2010-01-01,,CL,1604193900,,,,4,D0607920,,,False,205,32851,,
3110813,,142,2010-01-01,,CL,1604207000,,,,4,D0607920,,,False,205,32898,,
3110814,,142,2010-01-01,,CL,1702500000,,,,4,D0607920,,,False,205,33037,,
3110815,,142,2010-01-01,,CL,1702901000,,,,4,D0607920,,,False,205,33044,,
3110816,,142,2010-01-01,,CL,1902203000,,,,4,D0607920,,,False,205,33288,,
3110817,,142,2010-01-01,,CL,2001903000,,,,4,D0607920,,,False,205,33399,,
3110818,,142,2010-01-01,,CL,2003102000,,,,4,D0607920,,,False,205,33530,,
3110819,,142,2010-01-01,,CL,2003103000,,,,4,D0607920,,,False,205,33535,,
3110820,,142,2010-01-01,,CL,2004901000,,,,4,D0607920,,,False,205,33552,,
3110821,,142,2010-01-01,,CL,2006003100,,,,4,D0607920,,,False,205,33671,,
3110822,,142,2010-01-01,,CL,2006003500,,,,4,D0607920,,,False,205,55411,,
3110823,,142,2010-01-01,,CL,2006003800,,,,4,D0607920,,,False,205,55416,,
3110824,,142,2010-01-01,,CL,2007101000,,,,4,D0607920,,,False,205,33680,,
3110825,,142,2010-01-01,,CL,2007911000,,,,4,D0607920,,,False,205,33700,,
3110826,,142,2010-01-01,,CL,2007913000,,,,4,D0607920,,,False,205,33705,,
3110827,,142,2010-01-01,,CL,2007992000,,,,4,D0607920,,,False,205,33718,,
3110833,,142,2010-01-01,,CL,2008201100,,,,4,D0607920,,,False,205,33797,,
3110834,,142,2010-01-01,,CL,2008203100,,,,4,D0607920,,,False,205,33800,,
3110835,,142,2010-01-01,,CL,2008301900,,,,4,D0607920,,,False,205,33830,,
3110884,,142,2010-01-01,,CL,2008501900,,,,4,D0607920,,,False,205,33903,,
3111039,,142,2010-01-01,,CL,2008505100,,,,4,D0607920,,,False,205,33908,,
3111041,,142,2010-01-01,,CL,2008601900,,,,4,D0607920,,,False,205,33929,,
3111043,,142,2010-01-01,,CL,2008801900,,,,4,D0607920,,,False,205,33986,,
3111057,,142,2010-01-01,,CL,2008992100,,,,4,D0607920,,,False,205,34053,,
3111067,,142,2010-01-01,,CL,2008993100,,,,4,D0607920,,,False,205,82898,,
3111073,,142,2010-01-01,,CL,2008993400,,,,4,D0607920,,,False,205,34073,,
3111077,,142,2010-01-01,,CL,2009111100,,,,4,D0607920,,,False,205,34169,,
3111121,,142,2010-01-01,,CL,2009119100,,,,4,D0607920,,,False,205,34176,,
3111123,,142,2010-01-01,,CL,2009191100,,,,4,D0607920,,,False,205,34187,,
3111128,,142,2010-01-01,,CL,2009199100,,,,4,D0607920,,,False,205,34194,,
3111131,,142,2010-01-01,,CL,2009291100,,,,4,D0607920,,,False,205,73016,,
3111134,,142,2010-01-01,,CL,2009299100,,,,4,D0607920,,,False,205,73018,,
3111137,,142,2010-01-01,,CL,2009391100,,,,4,D0607920,,,False,205,73036,,
3111140,,142,2010-01-01,,CL,2009395100,,,,4,D0607920,,,False,205,73052,,
3111142,,142,2010-01-01,,CL,2009399100,,,,4,D0607920,,,False,205,73056,,
3111144,,142,2010-01-01,,CL,2009491100,,,,4,D0607920,,,False,205,73065,,
3111147,,142,2010-01-01,,CL,2009499100,,,,4,D0607920,,,False,205,73069,,
3111151,,142,2010-01-01,,CL,2009619000,,,,4,D0607920,,,False,205,73074,,
3111154,,142,2010-01-01,,CL,2009691100,,,,4,D0607920,,,False,205,73077,,
3111178,,142,2010-01-01,,CL,2009697100,,,,4,D0607920,,,False,205,73084,,
3111179,,142,2010-01-01,,CL,2009697900,,,,4,D0607920,,,False,205,73085,,
3111181,,142,2010-01-01,,CL,2009699000,,,,4,D0607920,,,False,205,73086,,
3111182,,142,2010-01-01,,CL,2009791100,,,,4,D0607920,,,False,205,73095,,
3111184,,142,2010-01-01,,CL,2009799100,,,,4,D0607920,,,False,205,73099,,
3111192,,142,2010-01-01,,CL,2009901100,,,,4,D0607920,,,False,205,34404,,
3111193,,142,2010-01-01,,CL,2009902100,,,,4,D0607920,,,False,205,34407,,
3111201,,142,2010-01-01,,CL,2009903100,,,,4,D0607920,,,False,205,34420,,
3111205,,142,2010-01-01,,CL,2009907100,,,,4,D0607920,,,False,205,34438,,
3111207,,142,2010-01-01,,CL,2009909200,,,,4,D0607920,,,False,205,55642,,
3111252,,142,2010-01-01,,CL,2009909400,,,,4,D0607920,,,False,205,55645,,
3111253,,142,2010-01-01,,CL,2102101000,,,,4,D0607920,,,False,205,34504,,
3111254,,142,2010-01-01,,CL,2102103100,,,,4,D0607920,,,False,205,34508,,
3111261,,142,2010-01-01,,CL,2106902000,,,,4,D0607920,,,False,205,59521,,
3111262,,142,2010-01-01,,CL,2106909200,,,,4,D0607920,,,False,205,57524,,
3111263,,142,2010-01-01,,CL,2205101000,,,,4,D0607920,,,False,205,34943,,
3111264,,142,2010-01-01,,CL,2205109000,,,,4,D0607920,,,False,205,34944,,
3111265,,142,2010-01-01,,CL,2205901000,,,,4,D0607920,,,False,205,34946,,
3111266,,142,2010-01-01,,CL,2205909000,,,,4,D0607920,,,False,205,34947,,
3111267,,142,2010-01-01,,CL,2206001000,,,,4,D0607920,,,False,205,34949,,
3111268,,142,2010-01-01,,CL,2206003100,,,,4,D0607920,,,False,205,34952,,
3111269,,142,2010-01-01,,CL,2206003900,,,,4,D0607920,,,False,205,34953,,
3111270,,142,2010-01-01,,CL,2206005100,,,,4,D0607920,,,False,205,34956,,
3111271,,142,2010-01-01,,CL,2206005900,,,,4,D0607920,,,False,205,34957,,
3111272,,142,2010-01-01,,CL,2206008100,,,,4,D0607920,,,False,205,34959,,
3111273,,142,2010-01-01,,CL,2206008900,,,,4,D0607920,,,False,205,34960,,
3111274,,142,2010-01-01,,CL,2208909100,,,,4,D0607920,,,False,205,35112,,
3111275,,142,2010-01-01,,CL,2208909900,,,,4,D0607920,,,False,205,35115,,
3111276,,142,2010-01-01,,CL,2209001100,,,,4,D0607920,,,False,205,35120,,
3111277,,142,2010-01-01,,CL,2209001900,,,,4,D0607920,,,False,205,35121,,
3111278,,142,2010-01-01,,CL,2209009100,,,,4,D0607920,,,False,205,35123,,
3111279,,142,2010-01-01,,CL,2209009900,,,,4,D0607920,,,False,205,35124,,
3111280,,142,2010-01-01,,CL,2307001900,,,,4,D0607920,,,False,205,35177,,
3111281,,142,2010-01-01,,CL,2308001900,,,,4,D0607920,,,False,205,73121,,
3111282,,142,2010-01-01,,CL,2401106000,,,,4,D0607920,,,False,205,35258,,
3111283,,142,2010-01-01,,CL,2401107000,,,,4,D0607920,,,False,205,35261,,
3111284,,142,2010-01-01,,CL,2401206000,,,,4,D0607920,,,False,205,35274,,
3111285,,142,2010-01-01,,CL,2401207000,,,,4,D0607920,,,False,205,35277,,
3111286,,142,2010-01-01,,CL,2401300000,,,,4,D0607920,,,False,205,35280,,
3111287,,142,2010-01-01,,CL,3823700000,,,,4,D0607920,,,False,205,59670,,
3111288,,142,2010-01-01,,CL,2106909800,,,1,4,D0607920,,,False,205,57525,,
3114244,,142,2010-01-01,,CL,2204210900,,,,1,D0209790,,,False,205,91918,,
3114256,,142,2010-01-01,,CL,2204210600,,,,1,D0209790,,,False,205,91915,,
3114268,,142,2010-01-01,,CL,2204210700,,,,1,D0209790,,,False,205,91916,,
3114280,,142,2010-01-01,,CL,2204210800,,,,1,D0209790,,,False,205,91917,,
3114309,,142,2010-01-01,,CL,2204109800,,,,1,D0209790,,,False,205,91988,,
3117779,,142,2010-01-01,,CL,0301910000,,,,1,D0209790,,,False,205,28379,,
3117780,,142,2010-01-01,,CL,0302110000,,,,1,D0209790,,,False,205,28404,,
3118027,,142,2010-01-01,,CL,0208000000,,,,1,D0209790,,,False,205,28267,,
3118028,,142,2010-01-01,,CL,0703100000,,,,1,D0209790,,,False,205,30293,,
3118029,,142,2010-01-01,,CL,0706900000,,,,1,D0209791,,,False,205,30396,,
3118030,,142,2010-01-01,,CL,0710800000,,,,1,D0209790,,,False,205,30602,,
3120740,,142,2010-01-01,,CL,2204219319,,,,1,D0209790,,,False,205,92043,,
3120743,,142,2010-01-01,,CL,2204219419,,,,1,D0209790,,,False,205,92055,,
3120744,,142,2010-01-01,,CL,2204219461,,,,1,D0209790,,,False,205,92083,,
3120749,,142,2010-01-01,,CL,2204219329,,,,1,D0209790,,,False,205,92048,,
3120752,,142,2010-01-01,,CL,2204219429,,,,1,D0209790,,,False,205,92060,,
3120753,,142,2010-01-01,,CL,2204219471,,,,1,D0209790,,,False,205,92084,,
3120758,,142,2010-01-01,,CL,2204219331,,,,1,D0209790,,,False,205,92075,,
3120759,,142,2010-01-01,,CL,2204219431,,,,1,D0209790,,,False,205,92078,,
3120760,,142,2010-01-01,,CL,2204219481,,,,1,D0209790,,,False,205,92085,,
3120767,,142,2010-01-01,,CL,2204219341,,,,1,D0209790,,,False,205,92076,,
3120768,,142,2010-01-01,,CL,2204219441,,,,1,D0209790,,,False,205,92077,,
3120769,,142,2010-01-01,,CL,2204219491,,,,1,D0209790,,,False,205,92086,,
3120776,,142,2010-01-01,,CL,2204219351,,,,1,D0209790,,,False,205,92079,,
3120777,,142,2010-01-01,,CL,2204219451,,,,1,D0209790,,,False,205,92080,,
3120778,,142,2010-01-01,,CL,2204219495,,,,1,D0209790,,,False,205,92087,,
3120815,,142,2010-01-01,,CL,2204219500,,,,1,D0209790,,,False,205,54920,,
3120816,,142,2010-01-01,,CL,2204219600,,,,1,D0209790,,,False,205,92089,,
3120817,,142,2010-01-01,,CL,2204219700,,,,1,D0209790,,,False,205,92103,,
3120818,,142,2010-01-01,,CL,2204219800,,,,1,D0209790,,,False,205,55087,,
3120819,,142,2010-01-01,,CL,2204299300,,,,1,D0209790,,,False,205,92193,,
3120820,,142,2010-01-01,,CL,2204299400,,,,1,D0209790,,,False,205,92199,,
3120821,,142,2010-01-01,,CL,2204299500,,,,1,D0209790,,,False,205,92213,,
3120822,,142,2010-01-01,,CL,2204299600,,,,1,D0209790,,,False,205,92219,,
3120823,,142,2010-01-01,,CL,2204299700,,,,1,D0209790,,,False,205,92233,,
3120824,,142,2010-01-01,,CL,2204299800,,,,1,D0209790,,,False,205,92239,,
3122342,,142,2010-01-01,,CL,0810000000,,,,1,D0209791,,,False,205,31412,,
3122343,,142,2010-01-01,,CL,0812000000,,,,1,D0209791,,,False,205,31644,,
3122344,,142,2010-01-01,,CL,0813000000,,,,1,D0209790,,,False,205,31666,,
3122345,,142,2009-01-01,,CL,1106300000,,,,1,D0209791,,,False,205,32079,,
3123444,,142,2010-01-01,,CL,1504301000,,,,1,D0209791,,,False,205,70547,,
3123445,,142,2010-01-01,,CL,1511000000,,,,1,D0209790,,,False,205,32419,,
3123446,,142,2010-01-01,,CL,1512000000,,,,1,D0209790,,,False,205,32434,,
3123519,,142,2010-01-01,,CL,1513000000,,,,1,D0209791,,,False,205,32455,,
3123520,,142,2010-01-01,,CL,1514000000,,,,1,D0209790,,,False,205,32505,,
3123521,,142,2010-01-01,,CL,1515290000,,,,1,D0209790,,,False,205,32524,,
3123522,,142,2010-01-01,,CL,1515500000,,,,1,D0209790,,,False,205,32531,,
3123523,,142,2010-01-01,,CL,1516000000,,,,1,D0209790,,,False,205,32561,,
3123990,,142,2010-01-01,,CL,2008190000,,,,1,D0209790,,,False,205,33783,,
3123991,,142,2010-01-01,,CL,2008409000,,,,1,D0209790,,,False,205,77227,,
3123992,,142,2010-01-01,,CL,2008605000,,,,1,D0209791,,,False,205,80849,,
3123993,,142,2010-01-01,,CL,2008606000,,,,1,D0209791,,,False,205,80852,,
3123994,,142,2010-01-01,,CL,2008607000,,,,1,D0209791,,,False,205,80856,,
3123995,,142,2010-01-01,,CL,2008609000,,,,1,D0209791,,,False,205,80859,,
3123996,,142,2010-01-01,,CL,2008809000,,,,1,D0209790,,,False,205,77256,,
3123997,,142,2010-01-01,,CL,2008994800,,,,1,D0209791,,,False,205,89364,,
3126709,,142,2010-01-01,,CL,1603000000,,,,1,D0209790,,,False,205,32753,,
3126710,,142,2010-01-01,,CL,1604150000,,,,1,D0209790,,,False,205,32825,,
3126711,,142,2010-01-01,,CL,2103000000,,,,1,D0209790,,,False,205,34523,,
3126816,,142,2010-01-01,,CL,2402000000,,,,1,D0209791,,,False,205,35283,,
3126818,,142,2010-01-01,,CL,2403000000,,,,1,D0209791,,,False,205,35287,,
3148115,,142,2010-01-01,,CL,2204109300,,,,1,D0209790,,,False,205,91991,,
3148116,,142,2010-01-01,,CL,2204109400,,,,1,D0209790,,,False,205,91989,,
3148117,,142,2010-01-01,,CL,2204109600,,,,1,D0209790,,,False,205,91990,,
3157403,,142,2010-01-01,,CL,1515904000,,,,1,D0209791,,,False,205,32552,,
3157404,,142,2010-01-01,,CL,1515906000,,,,1,D0209791,,,False,205,32557,,
3173369,,142,2011-01-01,,CL,2008991900,,,,1,D0209791,,,False,205,34051,,
3173388,,142,2011-01-01,,CL,2008993800,,,,1,D0209791,,,False,205,55434,,
3206229,,142,2012-01-01,,CL,0301190000,,,,1,D0209790,,,False,205,93790,,
3209141,,142,2012-01-01,,CL,0302130000,,,,1,D0209790,,,False,205,93949,,
3209180,,142,2012-01-01,,CL,0302140000,,,,1,D0209790,,,False,205,93950,,
3209579,,142,2012-01-01,,CL,1601001000,,,,1,D0209791,,,False,205,32658,,
3209643,,142,2012-01-01,,CL,2006009900,,,,1,D0209791,,,False,205,55425,,
3209644,,142,2012-01-01,,CL,2007109900,,,,1,D0209791,,,False,205,55472,,
3209660,,142,2012-01-01,,CL,2008307100,,,,1,D0209791,,,False,205,33848,,
3209685,,142,2012-01-01,,CL,2008994000,,,,1,D0209791,,,False,205,55435,,
3210387,,142,2012-01-01,,CL,0101299000,,,,1,D0209791,,,False,205,93800,,
3210401,,142,2012-01-01,,CL,0101900000,,,,1,D0209791,,,False,205,72763,,
3210407,,142,2012-01-01,,CL,0101300000,,,,1,D0209790,,,False,205,93801,,
3212134,,142,2012-01-01,,CL,0207449100,,,,1,D0209790,,,False,205,94219,,
3212138,,142,2012-01-01,,CL,0207549100,,,,1,D0209790,,,False,205,94257,,
3212142,,142,2012-01-01,,CL,0207609100,,,,1,D0209790,,,False,205,94288,,
3212383,,142,2012-01-01,,CL,0207459500,,,,1,D0209790,,,False,205,94235,,
3212397,,142,2012-01-01,,CL,0207559500,,,,1,D0209790,,,False,205,94273,,
3213851,,142,2012-01-01,,CL,0210929200,,,,1,D0209791,,,False,205,94350,,
3214020,,142,2012-01-01,,CL,0210998500,,,,1,D0209791,,,False,205,94356,,
3214052,,142,2012-01-01,,CL,0407199000,,,,1,D0209790,,,False,205,94395,,
3214053,,142,2012-01-01,,CL,0407299000,,,,1,D0209790,,,False,205,94400,,
3214054,,142,2012-01-01,,CL,0407909000,,,,1,D0209790,,,False,205,94403,,
3214769,,145,2012-01-01,,CL,0709921000,,,,1,D0209790,,,False,205,94434,,
3215221,,142,2012-01-01,,CL,0709991000,,,,1,D0209790,,,False,205,94437,,
3215245,,142,2012-01-01,,CL,0709992000,,,,1,D0209790,,,False,205,94438,,
3215273,,142,2012-01-01,,CL,0709994000,,,,1,D0209790,,,False,205,94439,,
3215296,,142,2012-01-01,,CL,0709995000,,,,1,D0209790,,,False,205,94440,,
3215543,,142,2012-01-01,,CL,0709939000,,,,1,D0209790,,,False,205,94444,,
3215566,,142,2012-01-01,,CL,0709999000,,,,1,D0209790,,,False,205,94447,,
3215793,,142,2012-01-01,,CL,0803101000,,,,1,D0209791,,,False,205,94490,,
3215812,,142,2012-01-01,,CL,0803909000,,,,1,D0209791,,,False,205,94488,,
3215827,,142,2012-01-01,,CL,0803109000,,,,1,D0209791,,,False,205,94486,,
3215986,,142,2012-01-01,,CL,0808400000,,,,1,D0209790,,,False,205,94496,,
3216620,,142,2012-01-01,,CL,0302520000,,,,1,D0209790,,,False,205,94540,,
3216636,,142,2012-01-01,,CL,0302530000,,,,1,D0209790,,,False,205,94544,,
3216656,,142,2012-01-01,,CL,0302549000,,,,4,D0607920,,,False,205,94565,,
3216672,,142,2012-01-01,,CL,0302541100,,,,4,D0607920,,,False,205,94559,,
3216687,,142,2012-01-01,,CL,0302541500,,,,4,D0607920,,,False,205,94560,,
3216714,,142,2012-01-01,,CL,0302541900,,,,4,D0607920,,,False,205,94561,,
3216772,,142,2012-01-01,,CL,1001911000,,,,1,D0209791,,,False,205,94576,,
3216801,,142,2012-01-01,,CL,0302550000,,,,1,D0209790,,,False,205,94592,,
3216947,,142,2012-01-01,,CL,0302560000,,,,1,D0209790,,,False,205,94612,,
3217014,,142,2012-01-01,,CL,1007101000,,,,1,D0209790,,,False,205,94650,,
3217046,,142,2012-01-01,,CL,1008500000,,,,4,D0607920,,,False,205,94657,,
3217098,,142,2012-01-01,,CL,1212920000,,,,1,D0209790,,,False,205,94699,,
3217122,,142,2012-01-01,,CL,1501900000,,,,1,D0209791,,,False,205,94710,,
3217205,,142,2012-01-01,,CL,1602398500,,,,1,D0209791,,,False,205,94721,,
3217231,,142,2012-01-01,,CL,1602909100,,,,1,D0209791,,,False,205,94726,,
3217306,,142,2012-01-01,,CL,1604199700,,,,1,D0209790,,,False,205,94729,,
3217331,,142,2012-01-01,,CL,1604170000,,,,1,D0209790,,,False,205,94728,,
3217526,,142,2012-01-01,,CL,1604310000,,,,1,D0209790,,,False,205,94734,,
3217543,,142,2012-01-01,,CL,1604320000,,,,1,D0209790,,,False,205,94735,,
3218064,,142,2012-01-01,,CL,2001909210,,,,1,D0209790,,,False,205,94846,,
3218087,,142,2012-01-01,,CL,2001909221,,,,1,D0209790,,,False,205,94844,,
3218103,,142,2012-01-01,,CL,2001909229,,,,1,D0209790,,,False,205,94843,,
3218118,,142,2012-01-01,,CL,2003901000,,,,1,D0209791,,,False,205,94847,,
3218248,,142,2012-01-01,,CL,2008931900,,,,4,D0607920,,,False,205,94868,,
3218273,,142,2012-01-01,,CL,2008932900,,,,1,D0209791,,,False,205,94871,,
3218294,,142,2012-01-01,,CL,2008939100,,,,1,D0209790,,,False,205,94874,,
3218310,,142,2012-01-01,,CL,2008939300,,,,1,D0209791,,,False,205,94878,,
3218326,,142,2012-01-01,,CL,2008939900,,,,1,D0209790,,,False,205,94881,,
3218512,,142,2012-01-01,,CL,2008971200,,,,1,D0209791,,,False,205,94889,,
3218520,,142,2012-01-01,,CL,2008971400,,,,1,D0209791,,,False,205,94890,,
3218528,,142,2012-01-01,,CL,2008971600,,,,4,D0607920,,,False,205,94892,,
3218539,,142,2012-01-01,,CL,2008973200,,,,1,D0209791,,,False,205,94896,,
3218540,,142,2012-01-01,,CL,2008971800,,,,4,D0607920,,,False,205,94893,,
3218552,,142,2012-01-01,,CL,2008973400,,,,1,D0209791,,,False,205,94897,,
3218564,,142,2012-01-01,,CL,2008973800,,,,1,D0209791,,,False,205,94900,,
3218565,,142,2012-01-01,,CL,2008973600,,,,1,D0209791,,,False,205,94899,,
3218578,,142,2012-01-01,,CL,2008975100,,,,1,D0209791,,,False,205,94904,,
3218590,,142,2012-01-01,,CL,2008975900,,,,1,D0209790,,,False,205,94905,,
3218606,,142,2012-01-01,,CL,2008977200,,,,1,D0209790,,,False,205,94908,,
3218621,,142,2012-01-01,,CL,2008977400,,,,1,D0209790,,,False,205,94909,,
3218652,,142,2012-01-01,,CL,2008977600,,,,1,D0209791,,,False,205,94913,,
3218667,,142,2012-01-01,,CL,2008977800,,,,1,D0209790,,,False,205,94914,,
3218684,,142,2012-01-01,,CL,2008979200,,,,1,D0209791,,,False,205,94919,,
3218692,,142,2012-01-01,,CL,2008979300,,,,1,D0209791,,,False,205,94921,,
3218710,,142,2012-01-01,,CL,2008979400,,,,1,D0209791,,,False,205,94923,,
3218719,,142,2012-01-01,,CL,2008979600,,,,1,D0209791,,,False,205,94924,,
3218726,,142,2012-01-01,,CL,2008979700,,,,1,D0209791,,,False,205,94926,,
3218735,,142,2012-01-01,,CL,2008979800,,,,1,D0209791,,,False,205,94927,,
3219146,,142,2012-01-01,,CL,2009815900,,,,1,D0209791,,,False,205,94985,,
3219967,,142,2012-01-01,,CL,2009893600,,,,1,D0209791,,,False,205,95015,,
3220078,,142,2012-01-01,,CL,2009898900,,,,1,D0209791,,,False,205,95083,,
3220276,,142,2012-01-01,,CL,0302710000,,,,1,D0209790,,,False,205,95156,,
3220291,,142,2012-01-01,,CL,0302730000,,,,1,D0209790,,,False,205,95158,,
3220310,,142,2012-01-01,,CL,0302720000,,,,1,D0209790,,,False,205,95157,,
3220328,,142,2012-01-01,,CL,0302790000,,,,1,D0209790,,,False,205,95160,,
3220362,,142,2012-01-01,,CL,0302810000,,,,1,D0209790,,,False,205,95162,,
3220420,,142,2012-01-01,,CL,0302830000,,,,1,D0209790,,,False,205,95167,,
3220453,,142,2012-01-01,,CL,0302820000,,,,1,D0209790,,,False,205,95168,,
3224660,,142,2012-01-01,,CL,2008509811,,,,1,D0209791,,,False,205,95533,,
3224666,,142,2012-01-01,,CL,2008509815,,,,1,D0209791,,,False,205,95535,,
3224672,,142,2012-01-01,,CL,2008509813,,,,1,D0209791,,,False,205,95534,,
3224678,,142,2012-01-01,,CL,2008509819,,,,1,D0209791,,,False,205,95537,,
3224687,,142,2012-01-01,,CL,2008509891,,,,1,D0209791,,,False,205,95540,,
3224699,,142,2012-01-01,,CL,2008509893,,,,1,D0209791,,,False,205,95541,,
3224710,,142,2012-01-01,,CL,2008509899,,,,1,D0209791,,,False,205,95542,,
3226202,,142,2012-01-01,,CL,0302453000,,,,1,D0209790,,,False,205,93995,,
3226203,,142,2012-01-01,,CL,0302459090,,,,1,D0209790,,,False,205,95678,,
3226204,,142,2012-01-01,,CL,0302460000,,,,1,D0209790,,,False,205,93997,,
3229273,,142,2012-01-01,,CL,0305391000,,,,4,D0607920,,,False,205,96052,,
3229670,,142,2012-01-01,,CL,2009799810,,,,1,D0209790,,,False,205,94974,,
3229671,,142,2012-01-01,,CL,2009799820,,,,1,D0209790,,,False,205,96135,,
3230025,,142,2012-01-01,,CL,2009898600,,,,4,D0607920,,,False,205,95072,,
3230072,,142,2012-01-01,,CL,2009811100,,,,4,D0607920,,,False,205,94980,,
3230073,,142,2012-01-01,,CL,2009811900,,,,1,D0209790,,,False,205,94981,,
3230074,,142,2012-01-01,,CL,2009813100,,,,1,D0209790,,,False,205,94983,,
3230075,,142,2012-01-01,,CL,2009815100,,,,4,D0607920,,,False,205,94984,,
3230076,,142,2012-01-01,,CL,2009819500,,,,1,D0209790,,,False,205,94987,,
3230077,,142,2012-01-01,,CL,2009819900,,,,1,D0209790,,,False,205,94988,,
3230078,,142,2012-01-01,,CL,2009891100,,,,4,D0607920,,,False,205,94996,,
3230079,,142,2012-01-01,,CL,2009891900,,,,1,D0209790,,,False,205,94999,,
3230080,,142,2012-01-01,,CL,2009893400,,,,4,D0607920,,,False,205,95004,,
3230081,,142,2012-01-01,,CL,2009893500,,,,4,D0607920,,,False,205,95007,,
3230082,,142,2012-01-01,,CL,2009893800,,,,1,D0209790,,,False,205,95018,,
3230083,,142,2012-01-01,,CL,2009895000,,,,1,D0209790,,,False,205,95037,,
3230084,,142,2012-01-01,,CL,2009896100,,,,4,D0607920,,,False,205,95041,,
3230085,,142,2012-01-01,,CL,2009896900,,,,1,D0209790,,,False,205,95047,,
3230086,,142,2012-01-01,,CL,2009897100,,,,1,D0209790,,,False,205,95052,,
3230087,,142,2012-01-01,,CL,2009897300,,,,1,D0209790,,,False,205,95055,,
3230088,,142,2012-01-01,,CL,2009897900,,,,1,D0209790,,,False,205,95058,,
3230089,,142,2012-01-01,,CL,2009898500,,,,4,D0607920,,,False,205,95069,,
3230090,,142,2012-01-01,,CL,2009898800,,,,1,D0209790,,,False,205,95080,,
3230091,,142,2012-01-01,,CL,2009899600,,,,1,D0209790,,,False,205,95090,,
3230092,,142,2012-01-01,,CL,2009899700,,,,1,D0209790,,,False,205,95093,,
3230093,,142,2012-01-01,,CL,2009899900,,,,1,D0209790,,,False,205,95100,,
3230095,,142,2012-01-01,,CL,2309909600,,,,1,D0209790,,,False,205,95147,,
3245319,,142,2012-01-01,,CL,3826000000,,,,1,D0209790,,,False,205,95609,,
3259919,,142,2012-05-24,,CL,0714201000,,,,1,D0209790,,,False,205,30786,,
3259920,,142,2012-05-24,,CL,0714209000,,,,4,D0607920,,,False,205,30787,,
3259921,,142,2012-05-24,,CL,0714909000,,,,1,D0209790,,,False,205,30807,,
3275642,,142,2013-01-01,,CL,0210119000,,,,1,D0209791,,,False,205,28307,,
3275643,,142,2013-01-01,,CL,0210129000,,,,1,D0209791,,,False,205,28314,,
3275644,,142,2013-01-01,,CL,0210199000,,,,1,D0209791,,,False,205,28333,,
3275645,,142,2013-01-01,,CL,0210910000,,,,1,D0209791,,,False,205,72794,,
3275757,,142,2013-01-01,,CL,0210921000,,,,1,D0209791,,,False,205,94347,,
3275758,,142,2013-01-01,,CL,0210929100,,,,1,D0209791,,,False,205,94351,,
3275760,,142,2013-01-01,,CL,0210930000,,,,1,D0209791,,,False,205,72796,,
3275762,,142,2013-01-01,,CL,0210993100,,,,1,D0209791,,,False,205,72807,,
3275764,,142,2013-01-01,,CL,0210993900,,,,1,D0209791,,,False,205,72808,,
3275766,,142,2013-01-01,,CL,0301940000,,,,1,D0209791,,,False,205,85315,,
3275767,,142,2013-01-01,,CL,0301950000,,,,1,D0209791,,,False,205,85316,,
3275789,,142,2013-01-01,,CL,0301998500,,,,1,D0209791,,,False,205,93921,,
3275838,,142,2013-01-01,,CL,0302210000,,,,1,D0209790,,,False,205,28417,,
3275839,,142,2013-01-01,,CL,0302230000,,,,1,D0209790,,,False,205,28426,,
3275840,,142,2013-01-01,,CL,0302240000,,,,1,D0209790,,,False,205,93953,,
3275841,,142,2013-01-01,,CL,0302290000,,,,1,D0209790,,,False,205,28427,,
3275842,,142,2013-01-01,,CL,0302319000,,,,1,D0209790,,,False,205,28435,,
3275843,,142,2013-01-01,,CL,0302329000,,,,1,D0209790,,,False,205,28438,,
3275844,,142,2013-01-01,,CL,0302339000,,,,1,D0209790,,,False,205,28441,,
3275845,,142,2013-01-01,,CL,0302349000,,,,1,D0209790,,,False,205,72831,,
3275851,,142,2013-01-01,,CL,0302351900,,,,1,D0209790,,,False,205,93979,,
3275852,,142,2013-01-01,,CL,0302359900,,,,1,D0209790,,,False,205,93982,,
3275854,,142,2013-01-01,,CL,0302369000,,,,1,D0209790,,,False,205,72837,,
3275855,,142,2013-01-01,,CL,0302398000,,,,1,D0209790,,,False,205,93984,,
3275863,,142,2013-01-01,,CL,0302420000,,,,1,D0209791,,,False,205,93987,,
3275865,,142,2013-01-01,,CL,0302431000,,,,1,D0209791,,,False,205,93989,,
3275866,,142,2013-01-01,,CL,0302433000,,,,1,D0209791,,,False,205,93990,,
3275882,,142,2013-01-01,,CL,0302451000,,,,1,D0209791,,,False,205,93994,,
3275884,,142,2013-01-01,,CL,0302470000,,,,1,D0209791,,,False,205,93998,,
3275886,,142,2013-01-01,,CL,0302510000,,,,1,D0209791,,,False,205,94523,,
3275903,,142,2013-01-01,,CL,0302590000,,,,1,D0209790,,,False,205,94615,,
3275904,,142,2013-01-01,,CL,0302840000,,,,1,D0209790,,,False,205,95169,,
3275905,,142,2013-01-01,,CL,0302850000,,,,1,D0209790,,,False,205,95186,,
3275906,,142,2013-01-01,,CL,0302890000,,,,1,D0209790,,,False,205,95233,,
3275919,,142,2013-01-01,,CL,0303000000,,,,1,D0209790,,,False,205,28590,,
3275992,,142,2013-01-01,,CL,0304000000,,,,1,D0209790,,,False,205,28812,,
3275993,,142,2013-01-01,,CL,0305100000,,,,1,D0209791,,,False,205,29161,,
3275994,,142,2013-01-01,,CL,0305200000,,,,1,D0209791,,,False,205,29162,,
3275995,,142,2013-01-01,,CL,0305310000,,,,1,D0209791,,,False,205,96041,,
3275996,,142,2013-01-01,,CL,0305320000,,,,1,D0209791,,,False,205,96042,,
3275997,,142,2013-01-01,,CL,0305395000,,,,1,D0209791,,,False,205,96056,,
3275998,,142,2013-01-01,,CL,0305399000,,,,1,D0209791,,,False,205,96058,,
3275999,,142,2013-01-01,,CL,0305430000,,,,1,D0209791,,,False,205,96108,,
3276000,,142,2013-01-01,,CL,0305440000,,,,1,D0209791,,,False,205,96111,,
3276001,,142,2013-01-01,,CL,0305490000,,,,1,D0209791,,,False,205,29204,,
3276002,,142,2013-01-01,,CL,0305510000,,,,1,D0209791,,,False,205,29216,,
3276003,,142,2013-01-01,,CL,0305590000,,,,1,D0209790,,,False,205,29228,,
3276004,,142,2013-01-01,,CL,0305610000,,,,1,D0209790,,,False,205,29240,,
3276005,,142,2013-01-01,,CL,0305620000,,,,1,D0209790,,,False,205,29241,,
3276006,,142,2013-01-01,,CL,0305640000,,,,1,D0209790,,,False,205,96116,,
3276007,,142,2013-01-01,,CL,0305690000,,,,1,D0209791,,,False,205,29260,,
3276008,,142,2013-01-01,,CL,0305710000,,,,1,D0209791,,,False,205,96120,,
3276009,,142,2013-01-01,,CL,0305720000,,,,1,D0209791,,,False,205,96124,,
3276010,,142,2013-01-01,,CL,0305790000,,,,1,D0209791,,,False,205,96123,,
3276291,,142,2013-01-01,,CL,0306000000,,,,1,D0209791,,,False,205,29272,,
3276300,,142,2013-01-01,,CL,0307000000,,,,1,D0209790,,,False,205,29331,,
3276302,,142,2013-01-01,,CL,0308000000,,,,1,D0209790,,,False,205,95499,,
3276385,,142,2013-01-01,,CL,0805108000,,,,1,D0209791,,,False,205,70932,,
3276517,,142,2013-01-01,,CL,1108200000,,,,1,D0209791,,,False,205,32107,,
3276518,,142,2013-01-01,,CL,1517109000,,,,1,D0209791,,,False,205,32583,,
3276519,,142,2013-01-01,,CL,1517909900,,,,1,D0209791,,,False,205,32589,,
3276520,,142,2013-01-01,,CL,1602100000,,,,1,D0209791,,,False,205,32675,,
3276521,,142,2013-01-01,,CL,1602209000,,,,1,D0209791,,,False,205,32683,,
3276522,,142,2013-01-01,,CL,1602901000,,,,1,D0209791,,,False,205,32731,,
3276523,,142,2013-01-01,,CL,1602906900,,,,1,D0209791,,,False,205,32743,,
3276524,,142,2013-01-01,,CL,1602909500,,,,1,D0209791,,,False,205,94727,,
3276525,,142,2013-01-01,,CL,1602909900,,,,1,D0209791,,,False,205,89244,,
3276526,,142,2013-01-01,,CL,1604120000,,,,1,D0209791,,,False,205,32768,,
3276575,,142,2013-01-01,,CL,1604130000,,,,1,D0209790,,,False,205,32778,,
3276576,,142,2013-01-01,,CL,1604149000,,,,1,D0209791,,,False,205,32824,,
3276577,,142,2013-01-01,,CL,1604160000,,,,1,D0209791,,,False,205,32839,,
3276578,,142,2013-01-01,,CL,1604205000,,,,1,D0209791,,,False,205,32885,,
3276579,,142,2013-01-01,,CL,1604209000,,,,1,D0209791,,,False,205,32903,,
3276580,,142,2013-01-01,,CL,2001100000,,,,1,D0209791,,,False,205,33380,,
3276581,,142,2013-01-01,,CL,2001905000,,,,1,D0209791,,,False,205,33403,,
3276582,,142,2013-01-01,,CL,2001906500,,,,1,D0209791,,,False,205,33407,,
3276583,,142,2013-01-01,,CL,2001907000,,,,1,D0209791,,,False,205,33410,,
3276584,,142,2013-01-01,,CL,2001909700,,,,1,D0209791,,,False,205,89294,,
3276585,,142,2013-01-01,,CL,2003909000,,,,1,D0209791,,,False,205,94848,,
3276586,,142,2013-01-01,,CL,2004109900,,,,1,D0209791,,,False,205,33550,,
3276587,,142,2013-01-01,,CL,2004903000,,,,1,D0209791,,,False,205,33553,,
3276588,,142,2013-01-01,,CL,2004905000,,,,1,D0209791,,,False,205,33557,,
3276589,,142,2013-01-01,,CL,2004909800,,,,1,D0209791,,,False,205,59508,,
3276590,,142,2013-01-01,,CL,2005100000,,,,1,D0209791,,,False,205,33598,,
3276591,,142,2013-01-01,,CL,2005400000,,,,1,D0209791,,,False,205,33624,,
3276592,,142,2013-01-01,,CL,2005510000,,,,1,D0209791,,,False,205,33626,,
3276593,,142,2013-01-01,,CL,2005590000,,,,1,D0209791,,,False,205,33627,,
3276594,,142,2013-01-01,,CL,2005990000,,,,1,D0209791,,,False,205,86567,,
3276595,,142,2013-01-01,,CL,2007919000,,,,1,D0209791,,,False,205,33710,,
3276596,,142,2013-01-01,,CL,2008205100,,,,1,D0209791,,,False,205,33804,,
3276597,,142,2013-01-01,,CL,2008205900,,,,1,D0209791,,,False,205,33807,,
3276598,,142,2013-01-01,,CL,2008207100,,,,1,D0209791,,,False,205,33811,,
3276599,,142,2013-01-01,,CL,2008207900,,,,1,D0209791,,,False,205,33814,,
3276600,,142,2013-01-01,,CL,2008209000,,,,1,D0209791,,,False,205,77226,,
3276601,,142,2013-01-01,,CL,2008301100,,,,1,D0209791,,,False,205,33827,,
3276602,,142,2013-01-01,,CL,2008303100,,,,1,D0209791,,,False,205,33834,,
3276603,,142,2013-01-01,,CL,2008303900,,,,1,D0209791,,,False,205,33835,,
3276604,,142,2013-01-01,,CL,2008305100,,,,1,D0209791,,,False,205,33838,,
3276605,,142,2013-01-01,,CL,2008305500,,,,1,D0209791,,,False,205,33839,,
3276606,,142,2013-01-01,,CL,2008305900,,,,1,D0209791,,,False,205,33843,,
3276607,,142,2013-01-01,,CL,2008307500,,,,1,D0209791,,,False,205,33849,,
3276608,,142,2013-01-01,,CL,2008307900,,,,1,D0209791,,,False,205,33853,,
3276609,,142,2013-01-01,,CL,2008309000,,,,1,D0209791,,,False,205,74502,,
3276610,,142,2013-01-01,,CL,2008401100,,,,1,D0209791,,,False,205,33880,,
3276611,,142,2013-01-01,,CL,2008402100,,,,1,D0209791,,,False,205,33883,,
3276612,,142,2013-01-01,,CL,2008402900,,,,1,D0209791,,,False,205,33884,,
3276613,,142,2013-01-01,,CL,2008403900,,,,1,D0209791,,,False,205,33887,,
3276614,,142,2013-01-01,,CL,2008501100,,,,1,D0209791,,,False,205,33902,,
3276615,,142,2013-01-01,,CL,2008503100,,,,1,D0209791,,,False,205,33905,,
3276616,,142,2013-01-01,,CL,2008503900,,,,1,D0209791,,,False,205,33906,,
3276617,,142,2013-01-01,,CL,2008505900,,,,1,D0209791,,,False,205,33909,,
3276619,,142,2013-01-01,,CL,2008701100,,,,1,D0209791,,,False,205,33960,,
3276620,,142,2013-01-01,,CL,2008703100,,,,1,D0209791,,,False,205,33963,,
3276621,,142,2013-01-01,,CL,2008703900,,,,1,D0209791,,,False,205,33964,,
3276622,,142,2013-01-01,,CL,2008705900,,,,1,D0209791,,,False,205,33967,,
3276623,,142,2013-01-01,,CL,2008801100,,,,1,D0209791,,,False,205,33985,,
3276624,,142,2013-01-01,,CL,2008803100,,,,1,D0209791,,,False,205,33988,,
3276625,,142,2013-01-01,,CL,2008803900,,,,1,D0209791,,,False,205,33989,,
3276626,,142,2013-01-01,,CL,2008931100,,,,1,D0209791,,,False,205,94867,,
3276627,,142,2013-01-01,,CL,2008932100,,,,1,D0209791,,,False,205,94870,,
3276628,,142,2013-01-01,,CL,2008992300,,,,1,D0209791,,,False,205,34054,,
3276629,,142,2013-01-01,,CL,2008992400,,,,1,D0209791,,,False,205,82897,,
3276630,,142,2013-01-01,,CL,2008992800,,,,1,D0209791,,,False,205,55380,,
3276631,,142,2013-01-01,,CL,2008993700,,,,1,D0209791,,,False,205,55427,,
3276632,,142,2013-01-01,,CL,2009111900,,,,1,D0209791,,,False,205,34172,,
3276633,,142,2013-01-01,,CL,2009119900,,,,1,D0209791,,,False,205,34179,,
3276634,,142,2013-01-01,,CL,2009191900,,,,1,D0209791,,,False,205,34190,,
3276635,,142,2013-01-01,,CL,2009291900,,,,1,D0209791,,,False,205,73017,,
3276636,,142,2013-01-01,,CL,2009310000,,,,1,D0209791,,,False,205,74263,,
3276637,,142,2013-01-01,,CL,2009391900,,,,1,D0209791,,,False,205,73037,,
3276638,,142,2013-01-01,,CL,2009393900,,,,1,D0209791,,,False,205,74390,,
3276639,,142,2013-01-01,,CL,2009395900,,,,1,D0209791,,,False,205,73054,,
3276640,,142,2013-01-01,,CL,2009410000,,,,1,D0209791,,,False,205,74266,,
3276641,,142,2013-01-01,,CL,2009491900,,,,1,D0209791,,,False,205,73066,,
3276642,,142,2013-01-01,,CL,2009493000,,,,1,D0209791,,,False,205,73067,,
3276643,,142,2013-01-01,,CL,2009499300,,,,1,D0209791,,,False,205,73070,,
3276644,,142,2013-01-01,,CL,2009499900,,,,1,D0209791,,,False,205,73071,,
3276645,,142,2013-01-01,,CL,2009500000,,,,1,D0209791,,,False,205,34240,,
3276650,,142,2013-01-01,,CL,2009712000,,,,1,D0209791,,,False,205,89385,,
3276651,,142,2013-01-01,,CL,2009799870,,,,1,D0209791,,,False,205,96134,,
3276652,,142,2013-01-01,,CL,2009799890,,,,1,D0209791,,,False,205,94975,,
3276653,,142,2013-01-01,,CL,2009896300,,,,1,D0209791,,,False,205,95044,,
3276654,,142,2013-01-01,,CL,2009904100,,,,1,D0209791,,,False,205,34425,,
3276655,,142,2013-01-01,,CL,2009904900,,,,1,D0209791,,,False,205,34426,,
3276656,,142,2013-01-01,,CL,2009905100,,,,1,D0209791,,,False,205,34428,,
3276657,,142,2013-01-01,,CL,2009907300,,,,1,D0209791,,,False,205,34439,,
3276658,,142,2013-01-01,,CL,2009907900,,,,1,D0209791,,,False,205,34440,,
3276659,,142,2013-01-01,,CL,2009909600,,,,1,D0209791,,,False,205,55648,,
3276660,,142,2013-01-01,,CL,2009909800,,,,1,D0209791,,,False,205,55650,,
3276849,,145,2013-01-01,,CL,2007991000,,,,1,D0209791,,,False,205,33717,,
3276867,,142,2013-01-01,,CL,2005910000,,,,1,D0209791,,,False,205,86542,,
3276875,,142,2013-01-01,,CL,2204301000,,,,1,D0209791,,,False,205,34929,,
3278431,,142,2013-01-01,,CL,2009399900,,,,1,D0209791,,,False,205,73058,,
3280513,,142,2013-01-01,,CL,0302459010,,,,1,D0209791,,,False,205,95674,,
3281047,,142,2013-01-01,,CL,1604204000,,,,1,D0209791,,,False,205,32884,,
3287039,,142,2012-06-02,,CL,2007995041,,,,1,D0209798,,,False,205,97337,,
3287040,,142,2012-06-02,,CL,2007995042,,,,1,D0209798,,,False,205,97375,,
3287041,,142,2012-06-02,,CL,2007995043,,,,1,D0209798,,,False,205,97376,,
3287042,,142,2012-06-02,,CL,2007995045,,,,1,D0209798,,,False,205,97338,,
3287043,,142,2012-06-02,,CL,2007995047,,,,1,D0209798,,,False,205,97379,,
3287044,,142,2012-06-02,,CL,2007995049,,,,1,D0209798,,,False,205,97377,,
3287045,,142,2012-06-02,,CL,2007995051,,,,1,D0209798,,,False,205,97339,,
3287046,,142,2012-06-02,,CL,2007995052,,,,1,D0209798,,,False,205,97380,,
3287047,,142,2012-06-02,,CL,2007995053,,,,1,D0209798,,,False,205,97378,,
3287048,,142,2012-06-02,,CL,2007995061,,,,1,D0209798,,,False,205,97381,,
3287049,,142,2012-06-02,,CL,2007995062,,,,1,D0209798,,,False,205,97383,,
3287050,,142,2012-06-02,,CL,2007995063,,,,1,D0209798,,,False,205,97382,,
3287051,,142,2012-06-02,,CL,2007995064,,,,1,D0209798,,,False,205,97385,,
3287052,,142,2012-06-02,,CL,2007995065,,,,1,D0209798,,,False,205,97387,,
3287053,,142,2012-06-02,,CL,2007995067,,,,1,D0209798,,,False,205,97388,,
3287055,,142,2012-06-02,,CL,2007995010,,,,4,D0607920,,,False,205,89325,,
3287061,,142,2012-06-02,,CL,2007995099,,,,4,D0607920,,,False,205,97394,,
3290421,,142,2013-03-01,,CL,2007993916,,,,1,D0209798,,,False,205,97436,,
3290423,,142,2013-03-01,,CL,2007993917,,,,1,D0209798,,,False,205,97437,,
3290426,,142,2013-03-01,,CL,2007993918,,,,1,D0209798,,,False,205,97444,,
3290427,,142,2013-03-01,,CL,2007993919,,,,1,D0209798,,,False,205,97445,,
3290430,,142,2013-03-01,,CL,2007993922,,,,1,D0209798,,,False,205,97448,,
3290434,,142,2013-03-01,,CL,2007993924,,,,1,D0209798,,,False,205,97449,,
3290436,,142,2013-03-01,,CL,2007993926,,,,1,D0209798,,,False,205,97451,,
3290437,,142,2013-03-01,,CL,2007993927,,,,1,D0209798,,,False,205,97452,,
3290440,,142,2013-03-01,,CL,2007993929,,,,1,D0209798,,,False,205,97455,,
3290441,,142,2013-03-01,,CL,2007993930,,,,1,D0209798,,,False,205,97456,,
3290444,,142,2013-03-01,,CL,2007993932,,,,1,D0209798,,,False,205,97458,,
3290445,,142,2013-03-01,,CL,2007993934,,,,1,D0209798,,,False,205,97459,,
3290448,,142,2013-03-01,,CL,2007993935,,,,1,D0209798,,,False,205,97463,,
3290449,,142,2013-03-01,,CL,2007993937,,,,1,D0209798,,,False,205,97464,,
3290452,,142,2013-03-01,,CL,2007993939,,,,1,D0209798,,,False,205,97466,,
3290453,,142,2013-03-01,,CL,2007993940,,,,1,D0209798,,,False,205,97467,,
3290456,,142,2013-03-01,,CL,2007993943,,,,1,D0209798,,,False,205,97520,,
3290457,,142,2013-03-01,,CL,2007993944,,,,1,D0209798,,,False,205,97521,,
3290460,,142,2013-03-01,,CL,2007993946,,,,1,D0209798,,,False,205,97523,,
3290461,,142,2013-03-01,,CL,2007993947,,,,1,D0209798,,,False,205,97524,,
3290465,,142,2013-03-01,,CL,2007993951,,,,1,D0209798,,,False,205,97527,,
3290466,,142,2013-03-01,,CL,2007993952,,,,1,D0209798,,,False,205,97528,,
3290470,,142,2013-03-01,,CL,2007993954,,,,1,D0209798,,,False,205,97530,,
3290471,,142,2013-03-01,,CL,2007993956,,,,1,D0209798,,,False,205,97531,,
3290474,,142,2013-03-01,,CL,2007993970,,,,1,D0209798,,,False,205,97539,,
3290475,,142,2013-03-01,,CL,2007993975,,,,1,D0209798,,,False,205,97540,,
3290478,,142,2013-03-01,,CL,2007993980,,,,4,D0607920,,,False,205,97536,,
3290479,,142,2013-03-01,,CL,2007993985,,,,4,D0607920,,,False,205,97537,,
3291735,,142,2012-06-02,,CL,2007995083,,,,1,D0209798,,,False,205,97797,,
3291736,,142,2013-07-01,,CL,2007995084,,,,1,D0209798,,,False,205,97603,,
3291737,,142,2012-06-02,,CL,2007995085,,,,1,D0209798,,,False,205,97799,,
3291738,,142,2012-06-02,,CL,2007995089,,,,1,D0209798,,,False,205,97804,,
3291753,,142,2013-07-01,,CL,2007995094,,,,4,D0607920,,,False,205,97610,,
3301770,,142,2012-06-02,,CL,2007995093,,,,4,D0607920,,,False,205,97801,,
3301772,,142,2012-06-02,,CL,2007995095,,,,4,D0607920,,,False,205,97803,,
3327101,,142,2012-06-02,,CL,2007995025,,,,4,D0607920,,,False,205,98143,,
3327169,,142,2013-03-01,,CL,2007993125,,,,4,D0607920,,,False,205,98152,,
3327170,,142,2013-03-01,,CL,2007993199,,,,4,D0607920,,,False,205,98155,,
3327172,,142,2013-03-01,,CL,2007993325,,,,4,D0607920,,,False,205,98162,,
3327173,,142,2013-03-01,,CL,2007993399,,,,4,D0607920,,,False,205,98163,,
3327175,,142,2013-03-01,,CL,2007993525,,,,4,D0607920,,,False,205,98164,,
3327176,,142,2013-03-01,,CL,2007993599,,,,4,D0607920,,,False,205,98165,,
3327179,,142,2013-03-01,,CL,2007993115,,,,1,D0209791,,,False,205,98151,,
3327180,,142,2013-03-01,,CL,2007993195,,,,1,D0209791,,,False,205,98154,,
3327181,,142,2013-03-01,,CL,2007993315,,,,1,D0209791,,,False,205,98158,,
3327182,,142,2013-03-01,,CL,2007993395,,,,1,D0209791,,,False,205,98159,,
3327183,,142,2013-03-01,,CL,2007993515,,,,1,D0209791,,,False,205,98160,,
3327184,,142,2013-03-01,,CL,2007993595,,,,1,D0209791,,,False,205,98161,,
3327195,,142,2012-06-02,,CL,2007995015,,,,1,D0209790,,,False,205,98142,,
3355619,,142,2014-01-01,,CL,2008970300,,,,1,D0209790,,,False,205,98037,,
3355620,,142,2014-01-01,,CL,2008970500,,,,1,D0209790,,,False,205,98038,,
3391231,,142,2014-09-03,,CL,2007993901,,,,4,D0607920,,,False,205,98723,,
3391235,,142,2014-09-03,,CL,2007993902,,,,4,D0607920,,,False,205,98726,,
3391241,,142,2014-09-03,,CL,2007993903,,,,4,D0607920,,,False,205,98724,,
3391242,,142,2014-09-03,,CL,2007993905,,,,4,D0607920,,,False,205,98725,,
3391249,,142,2014-09-03,,CL,2007993904,,,,4,D0607920,,,False,205,98727,,
3391250,,142,2014-09-03,,CL,2007993906,,,,4,D0607920,,,False,205,98728,,
3391264,,142,2014-09-03,,CL,2007995031,,,,4,D0607920,,,False,205,98729,,
3391265,,142,2014-09-03,,CL,2007995032,,,,4,D0607920,,,False,205,98730,,
3391266,,142,2014-09-03,,CL,2007995033,,,,4,D0607920,,,False,205,98731,,
3401042,,142,2015-01-01,,CL,1604142100,,,,4,D0607920,,,False,205,98922,,
3401063,,142,2015-01-01,,CL,1604143100,,,,4,D0607920,,,False,205,98927,,
3401078,,142,2015-01-01,,CL,1604144100,,,,4,D0607920,,,False,205,98936,,
3401295,,142,2015-01-01,,CL,1604142600,,,,4,D0607920,,,False,205,98924,,
3401309,,142,2015-01-01,,CL,1604144600,,,,4,D0607920,,,False,205,98938,,
3401323,,142,2015-01-01,,CL,1604143600,,,,4,D0607920,,,False,205,98929,,
3403885,,142,2015-01-01,,CL,1604142800,,,,4,D0607920,,,False,205,98925,,
3403895,,142,2015-01-01,,CL,1604143800,,,,4,D0607920,,,False,205,98934,,
3403905,,142,2015-01-01,,CL,1604144800,,,,4,D0607920,,,False,205,98939,,
3505466,,142,2017-01-01,,CL,0301991700,,,,1,D0209790,,,False,205,100567,,
3505724,,142,2017-01-01,,CL,0302910000,,,,1,D0209790,,,False,205,100576,,
3505741,,142,2017-01-01,,CL,0302990000,,,,1,D0209790,,,False,205,100585,,
3506855,,142,2017-01-01,,CL,0305530000,,,,1,D0209790,,,False,205,100660,,
3506873,,142,2017-01-01,,CL,0305540000,,,,1,D0209790,,,False,205,100664,,
3511055,,142,2017-01-01,,CL,1604180000,,,,1,D0209790,,,False,205,100975,,
3511069,,142,2017-01-01,,CL,2202910000,,,,1,D0209791,,,False,205,100976,,
3511301,,142,2017-01-01,,CL,2202991100,,,,1,D0209791,,,False,205,100979,,
3511332,,142,2017-01-01,,CL,2202991500,,,,1,D0209791,,,False,205,100986,,
3511363,,142,2017-01-01,,CL,2202991900,,,,1,D0209791,,,False,205,100993,,
3511395,,142,2017-01-01,,CL,2202999100,,,,1,D0209791,,,False,205,101001,,
3511420,,142,2017-01-01,,CL,2202999900,,,,1,D0209791,,,False,205,101007,,
3511443,,142,2017-01-01,,CL,2202999500,,,,1,D0209791,,,False,205,101004,,
3511733,,142,2017-01-01,,CL,2204221000,,,,1,D0209790,,,False,205,101027,,
3511760,,142,2017-01-01,,CL,2204101300,,,,1,D0209790,,,False,205,101011,,
3511771,,142,2017-01-01,,CL,2204101500,,,,1,D0209790,,,False,205,101012,,
3511790,,142,2017-01-01,,CL,2204229300,,,,1,D0209790,,,False,205,101114,,
3511863,,142,2017-01-01,,CL,2204229400,,,,1,D0209790,,,False,205,101120,,
3512004,,142,2017-01-01,,CL,2204229500,,,,1,D0209790,,,False,205,101133,,
3512054,,142,2017-01-01,,CL,2204229600,,,,1,D0209790,,,False,205,101139,,
3512123,,142,2017-01-01,,CL,2204229700,,,,1,D0209790,,,False,205,101153,,
3512172,,142,2017-01-01,,CL,2204229800,,,,1,D0209790,,,False,205,101159,,
3514581,,142,2016-11-06,,CL,1602503100,,,,1,D0209791,,,False,205,32720,,
3514582,,142,2016-11-06,,CL,1602509500,,,,1,D0209791,,,False,205,89234,,
3517873,,142,2017-01-01,,CL,3824840000,,,,1,D0209790,,,False,205,101856,,
3517892,,142,2017-01-01,,CL,3824850000,,,,1,D0209790,,,False,205,101857,,
3517911,,142,2017-01-01,,CL,3824860000,,,,1,D0209790,,,False,205,101858,,
3517930,,142,2017-01-01,,CL,3824870000,,,,1,D0209790,,,False,205,101859,,
3517949,,142,2017-01-01,,CL,3824880000,,,,1,D0209790,,,False,205,101860,,
3518058,,142,2017-01-01,,CL,3824910000,,,,1,D0209790,,,False,205,101865,,
3518099,,142,2017-01-01,,CL,3824990000,,,,1,D0209790,,,False,205,101863,,
3522730,,142,2017-01-01,,CL,0305520000,,,,1,D0209790,,,False,205,100657,,
3569487,,142,2017-01-01,,CL,0302490000,,,,1,D0209790,,,False,205,100568,,
3569488,,142,2017-01-01,,CL,0302920000,,,,1,D0209790,,,False,205,100584,,
3590872,,142,2018-01-01,,CL,1905907000,,,1,1,D0209791,,,False,205,103819,,
3590890,,142,2018-01-01,,CL,1905908000,,,1,1,D0209791,,,False,205,103820,,
3661735,,142,2019-12-01,2020-04-14,CL,0704100000,,,,4,D0607920,4,D0607920,False,205,30320,,
3661736,,142,2019-12-01,2020-03-31,CL,0705110000,,,,4,D0607920,4,D0607920,False,205,30345,,
3661737,,142,2019-10-01,2020-06-30,CL,0708200000,,,,4,D0607920,4,D0607920,False,205,30430,,
3700524,,142,2020-01-01,,CL,1901909500,,,1,1,D0209790,,,False,205,105033,,
