2020,0101299000,ID
2020,0101300000,ID
2020,0101900000,ID
2020,0104201000,ID
2020,0106141000,ID
2020,0106391000,ID
2020,0206809100,ID
2020,0206909100,ID
2020,0207149100,ID
2020,0207279100,ID
2020,0207459500,ID
2020,0207559500,ID
2020,0208907000,ID
2020,0210929200,ID
2020,0210991000,ID
2020,0210995900,ID
2020,0210998510,ID
2020,0210998590,ID
2020,0403105100,ID
2020,0403105300,ID
2020,0403105900,ID
2020,0403109100,ID
2020,0403109300,ID
2020,0403109900,ID
2020,0403907100,ID
2020,0403907300,ID
2020,0403907900,ID
2020,0403909100,ID
2020,0403909300,ID
2020,0403909900,ID
2020,0405201000,ID
2020,0405203000,ID
2020,0407199000,ID
2020,0407299000,ID
2020,0407909000,ID
2020,0410000000,ID
2020,0511993900,ID
2020,1501900000,ID
2020,1501900000,UA
2020,1502109000,ID
2020,1502109000,UA
2020,1502909000,ID
2020,1502909000,UA
2020,1503001900,ID
2020,1503001900,UA
2020,1503009000,ID
2020,1503009000,UA
2020,1504101000,ID
2020,1504101000,UA
2020,1504109100,ID
2020,1504109100,UA
2020,1504109900,ID
2020,1504109900,UA
2020,1504201000,ID
2020,1504201000,UA
2020,1504209000,ID
2020,1504209000,UA
2020,1504301000,ID
2020,1504301000,UA
2020,1504309000,ID
2020,1504309000,UA
2020,1505001000,ID
2020,1505001000,UA
2020,1507101000,ID
2020,1507101000,UA
2020,1507109000,ID
2020,1507109000,UA
2020,1507901000,ID
2020,1507901000,UA
2020,1507909000,ID
2020,1507909000,UA
2020,1508101000,ID
2020,1508101000,UA
2020,1508109000,ID
2020,1508109000,UA
2020,1508901000,ID
2020,1508901000,UA
2020,1508909000,ID
2020,1508909000,UA
2020,1511109000,ID
2020,1511109000,UA
2020,1511901100,ID
2020,1511901100,UA
2020,1511901900,ID
2020,1511901900,UA
2020,1511909100,ID
2020,1511909100,UA
2020,1511909900,ID
2020,1511909900,UA
2020,1512111000,ID
2020,1512111000,UA
2020,1512119100,ID
2020,1512119100,UA
2020,1512119900,ID
2020,1512119900,UA
2020,1512191000,ID
2020,1512191000,UA
2020,1512199000,ID
2020,1512199000,UA
2020,1512211000,ID
2020,1512211000,UA
2020,1512219000,ID
2020,1512219000,UA
2020,1512291000,ID
2020,1512291000,UA
2020,1512299000,ID
2020,1512299000,UA
2020,1513111000,ID
2020,1513111000,UA
2020,1513119100,ID
2020,1513119100,UA
2020,1513119900,ID
2020,1513119900,UA
2020,1513191100,ID
2020,1513191100,UA
2020,1513191900,ID
2020,1513191900,UA
2020,1513193000,ID
2020,1513193000,UA
2020,1513199100,ID
2020,1513199100,UA
2020,1513199900,ID
2020,1513199900,UA
2020,1513211000,ID
2020,1513211000,UA
2020,1513213000,ID
2020,1513213000,UA
2020,1513219000,ID
2020,1513219000,UA
2020,1513291100,ID
2020,1513291100,UA
2020,1513291900,ID
2020,1513291900,UA
2020,1513293000,ID
2020,1513293000,UA
2020,1513295000,ID
2020,1513295000,UA
2020,1513299000,ID
2020,1513299000,UA
2020,1514111000,ID
2020,1514111000,UA
2020,1514119000,ID
2020,1514119000,UA
2020,1514191000,ID
2020,1514191000,UA
2020,1514199000,ID
2020,1514199000,UA
2020,1514911000,ID
2020,1514911000,UA
2020,1514919000,ID
2020,1514919000,UA
2020,1514991000,ID
2020,1514991000,UA
2020,1514999000,ID
2020,1514999000,UA
2020,1515110000,ID
2020,1515110000,UA
2020,1515191000,ID
2020,1515191000,UA
2020,1515199000,ID
2020,1515199000,UA
2020,1515211000,ID
2020,1515211000,UA
2020,1515219000,ID
2020,1515219000,UA
2020,1515291000,ID
2020,1515291000,UA
2020,1515299000,ID
2020,1515299000,UA
2020,1515301000,ID
2020,1515301000,UA
2020,1515309000,ID
2020,1515309000,UA
2020,1515501100,ID
2020,1515501100,UA
2020,1515501900,ID
2020,1515501900,UA
2020,1515509100,ID
2020,1515509100,UA
2020,1515509900,ID
2020,1515509900,UA
2020,1515901100,ID
2020,1515901100,UA
2020,1515902100,ID
2020,1515902100,UA
2020,1515902900,ID
2020,1515902900,UA
2020,1515903100,ID
2020,1515903100,UA
2020,1515903900,ID
2020,1515903900,UA
2020,1515904000,ID
2020,1515904000,UA
2020,1515905100,ID
2020,1515905100,UA
2020,1515905900,ID
2020,1515905900,UA
2020,1515906000,ID
2020,1515906000,UA
2020,1515909100,ID
2020,1515909100,UA
2020,1515909900,ID
2020,1515909900,UA
2020,1516101000,ID
2020,1516101000,UA
2020,1516109000,ID
2020,1516109000,UA
2020,1516201000,ID
2020,1516201000,UA
2020,1516209100,ID
2020,1516209100,UA
2020,1516209500,ID
2020,1516209500,UA
2020,1516209600,ID
2020,1516209600,UA
2020,1516209800,ID
2020,1516209800,UA
2020,1517101000,ID
2020,1517101000,UA
2020,1517109000,ID
2020,1517109000,UA
2020,1517901000,ID
2020,1517901000,UA
2020,1517909100,ID
2020,1517909100,UA
2020,1517909300,ID
2020,1517909300,UA
2020,1517909900,ID
2020,1517909900,UA
2020,1518001000,ID
2020,1518001000,UA
2020,1518003100,ID
2020,1518003100,UA
2020,1518003900,ID
2020,1518003900,UA
2020,1518009100,ID
2020,1518009100,UA
2020,1518009500,ID
2020,1518009500,UA
2020,1518009900,ID
2020,1518009900,UA
2020,1521909900,ID
2020,1521909900,UA
2020,1522001000,ID
2020,1522001000,UA
2020,1522009100,ID
2020,1522009100,UA
2020,2519901000,IN
2020,2522000000,IN
2020,2523000000,IN
2020,2700000000,IN
2020,2801000000,IN
2020,2802000000,IN
2020,2804100000,IN
2020,2804210000,IN
2020,2804290000,IN
2020,2804300000,IN
2020,2804400000,IN
2020,2804500000,IN
2020,2804610000,IN
2020,2804700000,IN
2020,2804800000,IN
2020,2804900000,IN
2020,2805190000,IN
2020,2805300000,IN
2020,2806000000,IN
2020,2807000000,IN
2020,2808000000,IN
2020,2809000000,IN
2020,2810009000,IN
2020,2811000000,IN
2020,2812000000,IN
2020,2813000000,IN
2020,2814000000,IN
2020,2815110000,IN
2020,2815120000,IN
2020,2815200000,IN
2020,2815300000,IN
2020,2816000000,IN
2020,2817000000,IN
2020,2818100000,IN
2020,2818200000,IN
2020,2819100000,IN
2020,2819901000,IN
2020,2819909000,IN
2020,2820100000,IN
2020,2820901000,IN
2020,2820909000,IN
2020,2821000000,IN
2020,2822000000,IN
2020,2823000000,IN
2020,2824000000,IN
2020,2825100000,IN
2020,2825200000,IN
2020,2825300000,IN
2020,2825400000,IN
2020,2825500000,IN
2020,2825600000,IN
2020,2825700000,IN
2020,2825800000,IN
2020,2825900000,IN
2020,2826000000,IN
2020,2827100000,IN
2020,2827200000,IN
2020,2827310000,IN
2020,2827320000,IN
2020,2827350000,IN
2020,2827390000,IN
2020,2827410000,IN
2020,2827490000,IN
2020,2827510000,IN
2020,2827590000,IN
2020,2827600000,IN
2020,2828000000,IN
2020,2829000000,IN
2020,2830100000,IN
2020,2830900000,IN
2020,2831000000,IN
2020,2832000000,IN
2020,2833000000,IN
2020,2834100000,IN
2020,2834210000,IN
2020,2834290000,IN
2020,2835100000,IN
2020,2835220000,IN
2020,2835240000,IN
2020,2835250000,IN
2020,2835260000,IN
2020,2835291000,IN
2020,2835293000,IN
2020,2835299000,IN
2020,2835310000,IN
2020,2835390000,IN
2020,2836200000,IN
2020,2836300000,IN
2020,2836400000,IN
2020,2836500000,IN
2020,2836600000,IN
2020,2836910000,IN
2020,2836920000,IN
2020,2836990000,IN
2020,2839000000,IN
2020,2840000000,IN
2020,2841300000,IN
2020,2841500000,IN
2020,2841610000,IN
2020,2841690000,IN
2020,2841700000,IN
2020,2841800000,IN
2020,2841900000,IN
2020,2842000000,IN
2020,2843000000,IN
2020,2844301190,IN
2020,2844305190,IN
2020,2845909000,IN
2020,2846000000,IN
2020,2847000000,IN
2020,2849100000,IN
2020,2849200000,IN
2020,2849901000,IN
2020,2849903000,IN
2020,2849905000,IN
2020,2849909000,IN
2020,2850002000,IN
2020,2850006010,IN
2020,2850006019,IN
2020,2850006090,IN
2020,2850009000,IN
2020,2852000000,IN
2020,2853000000,IN
2020,2903110000,IN
2020,2903120000,IN
2020,2903130000,IN
2020,2903140000,IN
2020,2903150000,IN
2020,2903190000,IN
2020,2903210000,IN
2020,2903220000,IN
2020,2903230000,IN
2020,2903290000,IN
2020,2903310000,IN
2020,2903391100,IN
2020,2903391500,IN
2020,2903391900,IN
2020,2903392100,IN
2020,2903392300,IN
2020,2903392400,IN
2020,2903392500,IN
2020,2903392600,IN
2020,2903392700,IN
2020,2903392800,IN
2020,2903392900,IN
2020,2903393100,IN
2020,2903393500,IN
2020,2903393900,IN
2020,2903398000,IN
2020,2903710000,IN
2020,2903720000,IN
2020,2903730000,IN
2020,2903740000,IN
2020,2903750000,IN
2020,2903760000,IN
2020,2903776000,IN
2020,2903779000,IN
2020,2903780000,IN
2020,2903790000,IN
2020,2903810000,IN
2020,2903820000,IN
2020,2903830000,IN
2020,2903891000,IN
2020,2903898000,IN
2020,2903910000,IN
2020,2903920000,IN
2020,2903930000,IN
2020,2903940000,IN
2020,2903991000,IN
2020,2903998000,IN
2020,2904100000,IN
2020,2904200000,IN
2020,2904310000,IN
2020,2904320000,IN
2020,2904330000,IN
2020,2904340000,IN
2020,2904350000,IN
2020,2904360000,IN
2020,2904910000,IN
2020,2904990000,IN
2020,2905110000,IN
2020,2905120000,IN
2020,2905130000,IN
2020,2905141000,IN
2020,2905149000,IN
2020,2905162000,IN
2020,2905168500,IN
2020,2905170000,IN
2020,2905190000,IN
2020,2905220000,IN
2020,2905290000,IN
2020,2905310000,IN
2020,2905320000,IN
2020,2905392000,IN
2020,2905392600,IN
2020,2905392800,IN
2020,2905393000,IN
2020,2905399500,IN
2020,2905410000,IN
2020,2905420000,IN
2020,2905450000,IN
2020,2905490000,IN
2020,2905510000,IN
2020,2905599100,IN
2020,2905599800,IN
2020,2906000000,IN
2020,2907110000,IN
2020,2907120000,IN
2020,2907130000,IN
2020,2907151000,IN
2020,2907159000,IN
2020,2907190000,IN
2020,2907210000,IN
2020,2907220010,IN
2020,2907220090,IN
2020,2907230000,IN
2020,2907290000,IN
2020,2908000000,IN
2020,2909110000,IN
2020,2909190000,IN
2020,2909200000,IN
2020,2909301000,IN
2020,2909303100,IN
2020,2909303500,IN
2020,2909303800,IN
2020,2909309000,IN
2020,2909410000,IN
2020,2909430000,IN
2020,2909440000,IN
2020,2909491100,IN
2020,2909498000,IN
2020,2909500000,IN
2020,2909600000,IN
2020,2910000000,IN
2020,2911000000,IN
2020,2912110000,IN
2020,2912120000,IN
2020,2912190000,IN
2020,2912210000,IN
2020,2912290000,IN
2020,2912410000,IN
2020,2912420000,IN
2020,2912490000,IN
2020,2912500000,IN
2020,2912600000,IN
2020,2913000000,IN
2020,2914110000,IN
2020,2914120000,IN
2020,2914130000,IN
2020,2914190000,IN
2020,2914220000,IN
2020,2914230000,IN
2020,2914290015,IN
2020,2914290020,IN
2020,2914290025,IN
2020,2914290030,IN
2020,2914290040,IN
2020,2914290050,IN
2020,2914290060,IN
2020,2914290070,IN
2020,2914290080,IN
2020,2914290090,IN
2020,2914310000,IN
2020,2914390000,IN
2020,2914400000,IN
2020,2914500000,IN
2020,2914610000,IN
2020,2914620000,IN
2020,2914690000,IN
2020,2914710000,IN
2020,2914790000,IN
2020,2915110000,IN
2020,2915120000,IN
2020,2915130000,IN
2020,2915210000,IN
2020,2915240000,IN
2020,2915290000,IN
2020,2915310000,IN
2020,2915320000,IN
2020,2915330000,IN
2020,2915360000,IN
2020,2915390000,IN
2020,2915400000,IN
2020,2915500000,IN
2020,2915601900,IN
2020,2915609000,IN
2020,2915700000,IN
2020,2915900000,IN
2020,2916110010,IN
2020,2916110090,IN
2020,2916120000,IN
2020,2916130000,IN
2020,2916140000,IN
2020,2916150000,IN
2020,2916160000,IN
2020,2916190000,IN
2020,2916200000,IN
2020,2916310000,IN
2020,2916320000,IN
2020,2916390000,IN
2020,2917110000,IN
2020,2917120010,IN
2020,2917120020,IN
2020,2917120090,IN
2020,2917130000,IN
2020,2917140000,IN
2020,2917190000,IN
2020,2917200000,IN
2020,2917320000,IN
2020,2917330000,IN
2020,2917340000,IN
2020,2917350000,IN
2020,2917360000,IN
2020,2917370000,IN
2020,2917390000,IN
2020,2918110000,IN
2020,2918120000,IN
2020,2918130000,IN
2020,2918140000,IN
2020,2918150000,IN
2020,2918160000,IN
2020,2918170000,IN
2020,2918180000,IN
2020,2918190000,IN
2020,2918210000,IN
2020,2918220000,IN
2020,2918230000,IN
2020,2918290010,IN
2020,2918290019,IN
2020,2918290035,IN
2020,2918290050,IN
2020,2918290060,IN
2020,2918290070,IN
2020,2918290090,IN
2020,2918300000,IN
2020,2918910000,IN
2020,2918990000,IN
2020,2919000000,IN
2020,2920000000,IN
2020,2921110000,IN
2020,2921120000,IN
2020,2921130000,IN
2020,2921140000,IN
2020,2921195000,IN
2020,2921199900,IN
2020,2921210000,IN
2020,2921220000,IN
2020,2921290000,IN
2020,2921301000,IN
2020,2921309900,IN
2020,2921410000,IN
2020,2921420000,IN
2020,2921430000,IN
2020,2921440000,IN
2020,2921450000,IN
2020,2921490000,IN
2020,2921511900,IN
2020,2921519000,IN
2020,2921599000,IN
2020,2922110000,IN
2020,2922120000,IN
2020,2922150000,IN
2020,2922160000,IN
2020,2922170000,IN
2020,2922180000,IN
2020,2922190000,IN
2020,2922210000,IN
2020,2922290000,IN
2020,2922390000,IN
2020,2922410000,IN
2020,2922420000,IN
2020,2922430000,IN
2020,2922498500,IN
2020,2922500000,IN
2020,2923000000,IN
2020,2924120000,IN
2020,2924190000,IN
2020,2924210000,IN
2020,2924230000,IN
2020,2924250000,IN
2020,2924297005,IN
2020,2924297012,IN
2020,2924297015,IN
2020,2924297017,IN
2020,2924297019,IN
2020,2924297020,IN
2020,2924297023,IN
2020,2924297027,IN
2020,2924297030,IN
2020,2924297033,IN
2020,2924297037,IN
2020,2924297040,IN
2020,2924297045,IN
2020,2924297050,IN
2020,2924297053,IN
2020,2924297055,IN
2020,2924297060,IN
2020,2924297061,IN
2020,2924297062,IN
2020,2924297063,IN
2020,2924297064,IN
2020,2924297067,IN
2020,2924297070,IN
2020,2924297073,IN
2020,2924297075,IN
2020,2924297085,IN
2020,2924297086,IN
2020,2924297087,IN
2020,2924297088,IN
2020,2924297089,IN
2020,2924297091,IN
2020,2924297092,IN
2020,2924297093,IN
2020,2924297094,IN
2020,2924297097,IN
2020,2924297099,IN
2020,2925000000,IN
2020,2926100000,IN
2020,2926200000,IN
2020,2926300000,IN
2020,2926400000,IN
2020,2926900000,IN
2020,2927000000,IN
2020,2928009000,IN
2020,2929100000,IN
2020,2929900000,IN
2020,2930200000,IN
2020,2930300000,IN
2020,2930409000,IN
2020,2930600000,IN
2020,2930700000,IN
2020,2930800000,IN
2020,2930901300,IN
2020,2930901600,IN
2020,2930909810,IN
2020,2930909812,IN
2020,2930909813,IN
2020,2930909815,IN
2020,2930909816,IN
2020,2930909817,IN
2020,2930909819,IN
2020,2930909821,IN
2020,2930909822,IN
2020,2930909823,IN
2020,2930909825,IN
2020,2930909826,IN
2020,2930909827,IN
2020,2930909830,IN
2020,2930909833,IN
2020,2930909835,IN
2020,2930909838,IN
2020,2930909840,IN
2020,2930909843,IN
2020,2930909845,IN
2020,2930909850,IN
2020,2930909853,IN
2020,2930909855,IN
2020,2930909857,IN
2020,2930909860,IN
2020,2930909864,IN
2020,2930909865,IN
2020,2930909868,IN
2020,2930909877,IN
2020,2930909878,IN
2020,2930909879,IN
2020,2930909880,IN
2020,2930909881,IN
2020,2930909885,IN
2020,2930909889,IN
2020,2930909891,IN
2020,2930909893,IN
2020,2930909894,IN
2020,2930909895,IN
2020,2930909896,IN
2020,2930909897,IN
2020,2930909899,IN
2020,2931000000,IN
2020,2932110000,IN
2020,2932120000,IN
2020,2932130000,IN
2020,2932140000,IN
2020,2932190000,IN
2020,2932201000,IN
2020,2932202000,IN
2020,2932209010,IN
2020,2932209015,IN
2020,2932209025,IN
2020,2932209030,IN
2020,2932209040,IN
2020,2932209045,IN
2020,2932209050,IN
2020,2932209055,IN
2020,2932209060,IN
2020,2932209065,IN
2020,2932209071,IN
2020,2932209075,IN
2020,2932209077,IN
2020,2932209080,IN
2020,2932209084,IN
2020,2932209088,IN
2020,2932209090,IN
2020,2932910000,IN
2020,2932920000,IN
2020,2932930000,IN
2020,2932940000,IN
2020,2932950000,IN
2020,2932990000,IN
2020,2933110000,IN
2020,2933190000,IN
2020,2933210000,IN
2020,2933290000,IN
2020,2933310000,IN
2020,2933320000,IN
2020,2933330000,IN
2020,2933390000,IN
2020,2933410000,IN
2020,2933490000,IN
2020,2933520000,IN
2020,2933530000,IN
2020,2933540000,IN
2020,2933550000,IN
2020,2933590000,IN
2020,2933610000,IN
2020,2933690000,IN
2020,2933710000,IN
2020,2933720000,IN
2020,2933790000,IN
2020,2933910000,IN
2020,2933920000,IN
2020,2933990000,IN
2020,2934000000,IN
2020,2935100000,IN
2020,2935200000,IN
2020,2935300000,IN
2020,2935400000,IN
2020,2935500000,IN
2020,2935903000,IN
2020,2935909000,IN
2020,2938000000,IN
2020,2940000010,IN
2020,2940000020,IN
2020,2940000080,IN
2020,2941100000,IN
2020,2941203000,IN
2020,2941208000,IN
2020,2941300000,IN
2020,2941400000,IN
2020,2941500000,IN
2020,2941900000,IN
2020,2942000000,IN
2020,5001000000,IN
2020,5002000000,IN
2020,5003000010,IN
2020,5003000090,IN
2020,5004000000,IN
2020,5005000000,IN
2020,5006001000,IN
2020,5006009000,IN
2020,5007100000,IN
2020,5007201100,IN
2020,5007201900,IN
2020,5007202100,IN
2020,5007203100,IN
2020,5007203900,IN
2020,5007204100,IN
2020,5007205100,IN
2020,5007205900,IN
2020,5007206100,IN
2020,5007206900,IN
2020,5007207100,IN
2020,5007900000,IN
2020,5106100000,IN
2020,5106201000,IN
2020,5106209100,IN
2020,5106209900,IN
2020,5107100000,IN
2020,5107200000,IN
2020,5108000000,IN
2020,5109101000,IN
2020,5109109000,IN
2020,5109900000,IN
2020,5110000000,IN
2020,5111110000,IN
2020,5111190000,IN
2020,5111200000,IN
2020,5111300000,IN
2020,5111901000,IN
2020,5111909100,IN
2020,5111909800,IN
2020,5112110000,IN
2020,5112190000,IN
2020,5112200000,IN
2020,5112300000,IN
2020,5112901000,IN
2020,5112909100,IN
2020,5112909800,IN
2020,5113000000,IN
2020,5201001000,IN
2020,5201009000,IN
2020,5202100000,IN
2020,5202910000,IN
2020,5202990000,IN
2020,5203000000,IN
2020,5204110000,IN
2020,5204190000,IN
2020,5204200000,IN
2020,5205110000,IN
2020,5205120000,IN
2020,5205130000,IN
2020,5205140000,IN
2020,5205151000,IN
2020,5205159000,IN
2020,5205210000,IN
2020,5205220000,IN
2020,5205230000,IN
2020,5205240000,IN
2020,5205260000,IN
2020,5205270000,IN
2020,5205280000,IN
2020,5205310000,IN
2020,5205320000,IN
2020,5205330000,IN
2020,5205340000,IN
2020,5205350000,IN
2020,5205410000,IN
2020,5205420000,IN
2020,5205430000,IN
2020,5205440000,IN
2020,5205460000,IN
2020,5205470000,IN
2020,5205480000,IN
2020,5206000000,IN
2020,5207000000,IN
2020,5208000000,IN
2020,5209000000,IN
2020,5210000000,IN
2020,5211000000,IN
2020,5212000000,IN
2020,5301100000,IN
2020,5301210000,IN
2020,5301290000,IN
2020,5301300000,IN
2020,5302100000,IN
2020,5302900000,IN
2020,5303100000,IN
2020,5303900000,IN
2020,5305000000,IN
2020,5306101000,IN
2020,5306103000,IN
2020,5306105000,IN
2020,5306109000,IN
2020,5306201000,IN
2020,5306209000,IN
2020,5307100000,IN
2020,5307200000,IN
2020,5308100000,IN
2020,5308201000,IN
2020,5308209000,IN
2020,5308901200,IN
2020,5308901900,IN
2020,5308905000,IN
2020,5308909000,IN
2020,5309000000,IN
2020,5310000000,IN
2020,5311001000,IN
2020,5311009000,IN
2020,5401101200,IN
2020,5401101400,IN
2020,5401101600,IN
2020,5401101800,IN
2020,5401109000,IN
2020,5401201000,IN
2020,5401209000,IN
2020,5402000000,IN
2020,5403000000,IN
2020,5404000000,IN
2020,5405000000,IN
2020,5406000000,IN
2020,5407000000,IN
2020,5408000000,IN
2020,5501000000,IN
2020,5502000000,IN
2020,5503000000,IN
2020,5504000000,IN
2020,5505000000,IN
2020,5506000000,IN
2020,5507000000,IN
2020,5508101000,IN
2020,5508109000,IN
2020,5508201000,IN
2020,5508209000,IN
2020,5509000000,IN
2020,5510000000,IN
2020,5511000000,IN
2020,5512000000,IN
2020,5513000000,IN
2020,5514000000,IN
2020,5515000000,IN
2020,5516000000,IN
2020,5601210000,IN
2020,5601221000,IN
2020,5601229000,IN
2020,5601290000,IN
2020,5601300000,IN
2020,5602000000,IN
2020,5603000000,IN
2020,5604000000,IN
2020,5605000000,IN
2020,5606001000,IN
2020,5606009100,IN
2020,5606009900,IN
2020,5607210000,IN
2020,5607290000,IN
2020,5607410000,IN
2020,5607490000,IN
2020,5607500000,IN
2020,5607902000,IN
2020,5607909000,IN
2020,5608000000,IN
2020,5609000000,IN
2020,5701101000,IN
2020,5701109000,IN
2020,5701901000,IN
2020,5701909000,IN
2020,5702100000,IN
2020,5702200000,IN
2020,5702310000,IN
2020,5702320000,IN
2020,5702390000,IN
2020,5702410000,IN
2020,5702420000,IN
2020,5702490000,IN
2020,5702500000,IN
2020,5702910000,IN
2020,5702920000,IN
2020,5702990000,IN
2020,5703000000,IN
2020,5704000000,IN
2020,5705000000,IN
2020,5801000000,IN
2020,5802000000,IN
2020,5803001000,IN
2020,5803003000,IN
2020,5803009000,IN
2020,5804101000,IN
2020,5804109000,IN
2020,5804210000,IN
2020,5804290000,IN
2020,5804300000,IN
2020,5805000000,IN
2020,5806100000,IN
2020,5806200000,IN
2020,5806310000,IN
2020,5806320000,IN
2020,5806390000,IN
2020,5806400000,IN
2020,5807100000,IN
2020,5807901000,IN
2020,5807909000,IN
2020,5808100000,IN
2020,5808900000,IN
2020,5809000000,IN
2020,5810101000,IN
2020,5810109000,IN
2020,5810911000,IN
2020,5810919000,IN
2020,5810921000,IN
2020,5810929000,IN
2020,5810991000,IN
2020,5810999000,IN
2020,5811000000,IN
2020,5901000000,IN
2020,5902101000,IN
2020,5902109000,IN
2020,5902201000,IN
2020,5902209000,IN
2020,5902901000,IN
2020,5902909000,IN
2020,5903000000,IN
2020,5904000000,IN
2020,5905001000,IN
2020,5905003000,IN
2020,5905005000,IN
2020,5905007000,IN
2020,5905009000,IN
2020,5906100000,IN
2020,5906910000,IN
2020,5906991000,IN
2020,5906999000,IN
2020,5907000000,IN
2020,5908000000,IN
2020,5909000000,IN
2020,5910000000,IN
2020,5911100000,IN
2020,5911200000,IN
2020,5911311100,IN
2020,5911311900,IN
2020,5911319000,IN
2020,5911321100,IN
2020,5911321900,IN
2020,5911329000,IN
2020,5911400000,IN
2020,5911901000,IN
2020,5911909900,IN
2020,6001000000,IN
2020,6002400000,IN
2020,6002900000,IN
2020,6003000000,IN
2020,6004100000,IN
2020,6004900000,IN
2020,6005000000,IN
2020,6006000000,IN
2020,7101100000,IN
2020,7101210000,IN
2020,7101220000,IN
2020,7102100000,IN
2020,7102210000,IN
2020,7102290000,IN
2020,7102310000,IN
2020,7102390000,IN
2020,7103100000,IN
2020,7103910000,IN
2020,7103990000,IN
2020,7104100000,IN
2020,7104200000,IN
2020,7104900000,IN
2020,7105100000,IN
2020,7105900000,IN
2020,7106100000,IN
2020,7106910000,IN
2020,7106920000,IN
2020,7107000000,IN
2020,7108110000,IN
2020,7108120000,IN
2020,7108131000,IN
2020,7108138000,IN
2020,7108200000,IN
2020,7109000000,IN
2020,7110110000,IN
2020,7110191000,IN
2020,7110198000,IN
2020,7110210000,IN
2020,7110290000,IN
2020,7110310000,IN
2020,7110390000,IN
2020,7110410000,IN
2020,7110490000,IN
2020,7111000000,IN
2020,7112300000,IN
2020,7112910000,IN
2020,7112920000,IN
2020,7112990000,IN
2020,7113000000,IN
2020,7114000000,IN
2020,7115100000,IN
2020,7115900000,IN
2020,7116100000,IN
2020,7116201100,IN
2020,7116208000,IN
2020,7117000000,IN
2020,7118100000,IN
2020,7118900000,IN
2020,7202110000,IN
2020,7202190000,IN
2020,7202210000,IN
2020,7202290000,IN
2020,7202300000,IN
2020,7202410000,IN
2020,7202490000,IN
2020,7202500000,IN
2020,7202600000,IN
2020,7202700000,IN
2020,7202800000,IN
2020,7202910000,IN
2020,7202920000,IN
2020,7202930000,IN
2020,7202990000,IN
2020,7301100000,IN
2020,7301200000,IN
2020,7302101000,IN
2020,7302102200,IN
2020,7302102800,IN
2020,7302104000,IN
2020,7302105000,IN
2020,7302109000,IN
2020,7302300000,IN
2020,7302400000,IN
2020,7302900000,IN
2020,7303000000,IN
2020,7304110010,IN
2020,7304110090,IN
2020,7304191020,IN
2020,7304191080,IN
2020,7304193020,IN
2020,7304193080,IN
2020,7304199000,IN
2020,7304220020,IN
2020,7304220080,IN
2020,7304230020,IN
2020,7304230080,IN
2020,7304240020,IN
2020,7304240080,IN
2020,7304291020,IN
2020,7304291080,IN
2020,7304293020,IN
2020,7304293080,IN
2020,7304299010,IN
2020,7304299090,IN
2020,7304312020,IN
2020,7304312099,IN
2020,7304318030,IN
2020,7304318099,IN
2020,7304391010,IN
2020,7304391090,IN
2020,7304395220,IN
2020,7304395299,IN
2020,7304395830,IN
2020,7304395899,IN
2020,7304399230,IN
2020,7304399299,IN
2020,7304399320,IN
2020,7304399380,IN
2020,7304399800,IN
2020,7304410010,IN
2020,7304410090,IN
2020,7304491000,IN
2020,7304499310,IN
2020,7304499390,IN
2020,7304499510,IN
2020,7304499590,IN
2020,7304499910,IN
2020,7304499990,IN
2020,7304511200,IN
2020,7304511800,IN
2020,7304518120,IN
2020,7304518199,IN
2020,7304518930,IN
2020,7304518999,IN
2020,7304591010,IN
2020,7304591090,IN
2020,7304593200,IN
2020,7304593800,IN
2020,7304599230,IN
2020,7304599299,IN
2020,7304599320,IN
2020,7304599380,IN
2020,7304599900,IN
2020,7304900010,IN
2020,7304900091,IN
2020,7304900099,IN
2020,7305110000,IN
2020,7305120000,IN
2020,7305190000,IN
2020,7305200000,IN
2020,7305310000,IN
2020,7305390000,IN
2020,7305900000,IN
2020,7306111000,IN
2020,7306119000,IN
2020,7306191000,IN
2020,7306199000,IN
2020,7306210000,IN
2020,7306290000,IN
2020,7306301100,IN
2020,7306301900,IN
2020,7306304120,IN
2020,7306304190,IN
2020,7306304920,IN
2020,7306304990,IN
2020,7306307280,IN
2020,7306307290,IN
2020,7306307780,IN
2020,7306307790,IN
2020,7306308000,IN
2020,7306402000,IN
2020,7306408000,IN
2020,7306502000,IN
2020,7306508000,IN
2020,7306611000,IN
2020,7306619200,IN
2020,7306619900,IN
2020,7306691000,IN
2020,7306699000,IN
2020,7306900000,IN
2020,7307000000,IN
2020,7308100000,IN
2020,7308200000,IN
2020,7308300000,IN
2020,7308400000,IN
2020,7308905100,IN
2020,7308905900,IN
2020,7308909800,IN
2020,7309000000,IN
2020,7310000000,IN
2020,7311000000,IN
2020,7315000000,IN
2020,7316000000,IN
2020,7318000000,IN
2020,7319000000,IN
2020,7320000000,IN
2020,7321000000,IN
2020,7322000000,IN
2020,7323000000,IN
2020,7324000000,IN
2020,7325000000,IN
2020,7326000000,IN
2020,7401000000,IN
2020,7402000000,IN
2020,7403110000,IN
2020,7403120000,IN
2020,7403130000,IN
2020,7403190000,IN
2020,7403210000,IN
2020,7403220000,IN
2020,7403290000,IN
2020,7404001000,IN
2020,7404009100,IN
2020,7404009900,IN
2020,7405000000,IN
2020,7406100000,IN
2020,7406200000,IN
2020,7407000000,IN
2020,7408000000,IN
2020,7409000000,IN
2020,7410000000,IN
2020,7411000000,IN
2020,7412000000,IN
2020,7413000020,IN
2020,7413000090,IN
2020,7415100000,IN
2020,7415210000,IN
2020,7415290000,IN
2020,7415330000,IN
2020,7415390000,IN
2020,7418000000,IN
2020,7419000000,IN
2020,7505120000,IN
2020,7505220000,IN
2020,7506200000,IN
2020,7507200000,IN
2020,7602001100,IN
2020,7602001900,IN
2020,7602009000,IN
2020,7603000000,IN
2020,7604000000,IN
2020,7605000000,IN
2020,7606000000,IN
2020,7607110000,IN
2020,7607190000,IN
2020,7607201000,IN
2020,7607209000,IN
2020,7608100010,IN
2020,7608100020,IN
2020,7608100090,IN
2020,7608202010,IN
2020,7608202020,IN
2020,7608202090,IN
2020,7608208110,IN
2020,7608208190,IN
2020,7608208910,IN
2020,7608208920,IN
2020,7608208930,IN
2020,7608208990,IN
2020,7609000000,IN
2020,7610100000,IN
2020,7610901000,IN
2020,7610909000,IN
2020,7611000000,IN
2020,7612000000,IN
2020,7613000000,IN
2020,7614000000,IN
2020,7615000000,IN
2020,7616000000,IN
2020,7801999000,IN
2020,7802000000,IN
2020,7804110000,IN
2020,7804190000,IN
2020,7804200000,IN
2020,7806001000,IN
2020,7806008000,IN
2020,7902000000,IN
2020,7904000000,IN
2020,7905000000,IN
2020,7907000000,IN
2020,8101940000,IN
2020,8101960000,IN
2020,8101970000,IN
2020,8101991000,IN
2020,8101999000,IN
2020,8102950000,IN
2020,8102960000,IN
2020,8102970000,IN
2020,8102990000,IN
2020,8103200000,IN
2020,8103300000,IN
2020,8103900000,IN
2020,8104110000,IN
2020,8104190000,IN
2020,8104200000,IN
2020,8104300000,IN
2020,8104900000,IN
2020,8105200000,IN
2020,8105300000,IN
2020,8105900000,IN
2020,8106001000,IN
2020,8106009000,IN
2020,8107200000,IN
2020,8107300000,IN
2020,8107900000,IN
2020,8108200000,IN
2020,8108300000,IN
2020,8108903000,IN
2020,8108905000,IN
2020,8108906010,IN
2020,8108906020,IN
2020,8108906030,IN
2020,8108906090,IN
2020,8108909000,IN
2020,8109300000,IN
2020,8109900000,IN
2020,8110200000,IN
2020,8110900000,IN
2020,8111001100,IN
2020,8111001900,IN
2020,8111009000,IN
2020,8112120000,IN
2020,8112130000,IN
2020,8112190000,IN
2020,8112211000,IN
2020,8112220000,IN
2020,8112290000,IN
2020,8112520000,IN
2020,8112992010,IN
2020,8112992090,IN
2020,8112993000,IN
2020,8112997000,IN
2020,8113004000,IN
2020,8113009000,IN
2020,8201000000,IN
2020,8202000000,IN
2020,8203000000,IN
2020,8204000000,IN
2020,8205000000,IN
2020,8206000000,IN
2020,8207000000,IN
2020,8208000000,IN
2020,8209000000,IN
2020,8210000000,IN
2020,8211100000,IN
2020,8211910000,IN
2020,8211920000,IN
2020,8211930000,IN
2020,8211940000,IN
2020,8211950000,IN
2020,8212000000,IN
2020,8213000000,IN
2020,8214000000,IN
2020,8215102000,IN
2020,8215103000,IN
2020,8215108000,IN
2020,8215201000,IN
2020,8215209000,IN
2020,8215910000,IN
2020,8215991000,IN
2020,8215999000,IN
2020,8300000000,IN
2020,8600000000,UA
2020,8701000000,IN
2020,8702101100,IN
2020,8702101900,IN
2020,8702109100,IN
2020,8702109900,IN
2020,8702201000,IN
2020,8702209000,IN
2020,8702301000,IN
2020,8702309000,IN
2020,8702400000,IN
2020,8702901100,IN
2020,8702901900,IN
2020,8702903100,IN
2020,8702903900,IN
2020,8702909000,IN
2020,8703101100,IN
2020,8703101800,IN
2020,8703210000,IN
2020,8703220000,IN
2020,8703230000,IN
2020,8703240000,IN
2020,8703310000,IN
2020,8703320000,IN
2020,8703330000,IN
2020,8703400000,IN
2020,8703500000,IN
2020,8703600000,IN
2020,8703700000,IN
2020,8703800000,IN
2020,8703900000,IN
2020,8704101000,IN
2020,8704109000,IN
2020,8704211000,IN
2020,8704213100,IN
2020,8704213900,IN
2020,8704219100,IN
2020,8704219900,IN
2020,8704221000,IN
2020,8704229100,IN
2020,8704229900,IN
2020,8704231000,IN
2020,8704239100,IN
2020,8704239900,IN
2020,8704311000,IN
2020,8704313100,IN
2020,8704313900,IN
2020,8704319100,IN
2020,8704319900,IN
2020,8704321000,IN
2020,8704329100,IN
2020,8704329900,IN
2020,8704900000,IN
2020,8705000000,IN
2020,8706001100,IN
2020,8706001900,IN
2020,8706009100,IN
2020,8706009900,IN
2020,8707000000,IN
2020,8708000000,IN
2020,8709000000,IN
2020,8710000000,IN
2020,8711100000,IN
2020,8711200000,IN
2020,8711300000,IN
2020,8711400000,IN
2020,8711500000,IN
2020,8711600000,IN
2020,8711900000,IN
2020,8712000000,IN
2020,8714100000,IN
2020,8714910000,IN
2020,8714920000,IN
2020,8714930000,IN
2020,8714940000,IN
2020,8714950000,IN
2020,8714960000,IN
2020,8714990000,IN
2020,8715000000,IN
2020,8716000000,IN
2020,8800000000,IN
2020,8900000000,IN