2020,0101299000,0,Indonesia
2020,0101300000,0,Indonesia
2020,0101900000,0,Indonesia
2020,0104201000,0,Indonesia
2020,0106141000,0,Indonesia
2020,0106391000,0,Indonesia
2020,0205000000,0,
2020,0206809100,0,Indonesia
2020,0206909100,0,Indonesia
2020,0207149100,0,Indonesia
2020,0207279100,0,Indonesia
2020,0207459500,0,Indonesia
2020,0207559500,0,Indonesia
2020,0207609100,0,
2020,0208907000,0,Indonesia
2020,0210929200,10.7,Indonesia
2020,0210991000,0,Indonesia
2020,0210995900,8.9,Indonesia
2020,0210998510,0,Indonesia
2020,0210998590,0,Indonesia
2020,0301110000,0,
2020,0301190000,0,
2020,0301911000,0,
2020,0301919000,8.5,
2020,0301921000,0,
2020,0301923000,0,
2020,0301929000,0,
2020,0301930000,0,
2020,0301940000,0,
2020,0301950000,0,
2020,0301991100,0,
2020,0301991700,0,
2020,0301998510,0,
2020,0301998522,0,
2020,0301998530,0,
2020,0301998540,0,
2020,0301998550,0,
2020,0301998560,0,
2020,0301998570,0,
2020,0301998575,0,
2020,0301998580,0,
2020,0301998590,0,
2020,0302111000,0,
2020,0302112000,0,
2020,0302118000,8.5,
2020,0302130000,0,
2020,0302140000,0,
2020,0302190000,0,
2020,0302211000,0,
2020,0302213000,0,
2020,0302219000,0,
2020,0302220000,0,
2020,0302230000,0,
2020,0302240000,0,
2020,0302290000,0,
2020,0302311000,0,
2020,0302319000,0,
2020,0302321000,0,
2020,0302329000,0,
2020,0302331000,0,
2020,0302339000,0,
2020,0302341000,0,
2020,0302349000,0,
2020,0302351100,0,
2020,0302351900,0,
2020,0302359100,0,
2020,0302359900,0,
2020,0302361000,0,
2020,0302369000,0,
2020,0302392000,0,
2020,0302398000,0,
2020,0302410000,0,
2020,0302420000,0,
2020,0302431000,0,
2020,0302433000,0,
2020,0302439000,0,
2020,0302440000,0,
2020,0302451000,0,
2020,0302453000,0,
2020,0302459010,0,
2020,0302459090,0,
2020,0302460000,0,
2020,0302470000,0,
2020,0302491100,0,
2020,0302491900,0,
2020,0302499000,0,
2020,0302510000,0,
2020,0302520000,0,
2020,0302530000,0,
2020,0302541100,0,
2020,0302541500,0,
2020,0302541900,0,
2020,0302549000,0,
2020,0302550000,0,
2020,0302560000,0,
2020,0302591000,0,
2020,0302592000,0,
2020,0302593000,0,
2020,0302594000,0,
2020,0302599000,0,
2020,0302710000,0,
2020,0302720000,0,
2020,0302730000,0,
2020,0302740000,0,
2020,0302790000,0,
2020,0302811500,0,
2020,0302813000,0,
2020,0302814000,0,
2020,0302818000,0,
2020,0302820000,0,
2020,0302830000,0,
2020,0302841000,0,
2020,0302849000,0,
2020,0302851000,0,
2020,0302853000,0,
2020,0302859000,0,
2020,0302891000,0,
2020,0302892100,0,
2020,0302892900,0,
2020,0302893100,0,
2020,0302893900,0,
2020,0302894000,0,
2020,0302895000,0,
2020,0302896000,0,
2020,0302899030,0,
2020,0302899040,0,
2020,0302899080,0,
2020,0302899090,0,
2020,0302910000,0,
2020,0302920010,0,
2020,0302920020,0,
2020,0302920090,0,
2020,0302990000,0,
2020,0303110000,0,
2020,0303120000,0,
2020,0303130000,0,
2020,0303141000,0,
2020,0303142000,0,
2020,0303149000,8.5,
2020,0303190000,0,
2020,0303230000,0,
2020,0303240000,0,
2020,0303250000,0,
2020,0303260000,0,
2020,0303290000,0,
2020,0303311000,0,
2020,0303313000,0,
2020,0303319000,0,
2020,0303320000,0,
2020,0303330000,0,
2020,0303340000,0,
2020,0303391000,0,
2020,0303393000,0,
2020,0303395000,0,
2020,0303398500,0,
2020,0303411000,0,
2020,0303419000,0,
2020,0303422000,0,
2020,0303429000,0,
2020,0303431000,0,
2020,0303439000,0,
2020,0303441000,0,
2020,0303449000,0,
2020,0303451200,0,
2020,0303451800,0,
2020,0303459100,0,
2020,0303459900,0,
2020,0303461000,0,
2020,0303469000,0,
2020,0303492000,0,
2020,0303498500,0,
2020,0303510000,0,
2020,0303531000,0,
2020,0303533000,0,
2020,0303539000,0,
2020,0303541000,0,
2020,0303549000,0,
2020,0303551000,0,
2020,0303553000,0,
2020,0303559010,0,
2020,0303559090,0,
2020,0303560000,0,
2020,0303570000,0,
2020,0303591000,0,
2020,0303592100,0,
2020,0303592900,0,
2020,0303599000,0,
2020,0303630000,0,
2020,0303640000,0,
2020,0303650000,0,
2020,0303660000,0,
2020,0303670000,0,
2020,0303680000,0,
2020,0303691000,0,
2020,0303693000,0,
2020,0303695000,0,
2020,0303697000,0,
2020,0303698000,0,
2020,0303699000,0,
2020,0303811500,0,
2020,0303813000,0,
2020,0303814000,0,
2020,0303819000,0,
2020,0303820000,0,
2020,0303830000,0,
2020,0303840000,0,
2020,0303891000,4.5,
2020,0303892100,0,
2020,0303892900,0,
2020,0303893100,0,
2020,0303893900,0,
2020,0303894000,0,
2020,0303895000,0,
2020,0303895500,0,
2020,0303896000,0,
2020,0303896500,0,
2020,0303897000,0,
2020,0303899000,5.2,
2020,0303911000,0,
2020,0303919000,0,
2020,0303920000,0,
2020,0303990000,0,
2020,0304310000,0,
2020,0304320000,0,
2020,0304330000,0,
2020,0304390000,0,
2020,0304410000,0,
2020,0304421000,0,
2020,0304425000,0,
2020,0304429000,8.5,
2020,0304430000,0,
2020,0304441000,0,
2020,0304443000,0,
2020,0304449000,0,
2020,0304450000,0,
2020,0304460000,0,
2020,0304470000,0,
2020,0304480000,0,
2020,0304491000,0,
2020,0304495000,0,
2020,0304499000,0,
2020,0304510000,0,
2020,0304520000,0,
2020,0304530000,0,
2020,0304540000,0,
2020,0304550000,0,
2020,0304561000,0,
2020,0304562000,0,
2020,0304563000,0,
2020,0304569000,0,
2020,0304570000,0,
2020,0304591000,0,
2020,0304595000,0,
2020,0304599010,0,
2020,0304599015,0,
2020,0304599020,0,
2020,0304599030,0,
2020,0304599035,0,
2020,0304599040,0,
2020,0304599045,0,
2020,0304599050,0,
2020,0304599055,0,
2020,0304599065,0,
2020,0304599090,0,
2020,0304610000,0,
2020,0304620000,0,
2020,0304630000,0,
2020,0304690000,0,
2020,0304711000,0,
2020,0304719000,0,
2020,0304720000,0,
2020,0304730000,0,
2020,0304741100,0,
2020,0304741500,0,
2020,0304741900,0,
2020,0304749000,0,
2020,0304750000,0,
2020,0304791000,0,
2020,0304793000,0,
2020,0304795000,0,
2020,0304798000,0,
2020,0304799000,0,
2020,0304810000,0,
2020,0304821000,0,
2020,0304825000,0,
2020,0304829000,8.5,
2020,0304831000,0,
2020,0304833000,0,
2020,0304835000,0,
2020,0304839000,0,
2020,0304840000,0,
2020,0304850000,0,
2020,0304860000,0,
2020,0304870000,0,
2020,0304881100,0,
2020,0304881500,0,
2020,0304881800,0,
2020,0304881900,0,
2020,0304889000,0,
2020,0304891000,5.5,
2020,0304892100,0,
2020,0304892900,0,
2020,0304893000,0,
2020,0304894100,0,
2020,0304894900,0,
2020,0304896000,0,
2020,0304899000,7.9,
2020,0304910000,0,
2020,0304920000,0,
2020,0304931000,0,
2020,0304939000,0,
2020,0304941000,0,
2020,0304949000,0,
2020,0304951000,0,
2020,0304952100,0,
2020,0304952500,0,
2020,0304952900,0,
2020,0304953000,0,
2020,0304954000,0,
2020,0304955000,0,
2020,0304956000,0,
2020,0304959011,0,
2020,0304959013,0,
2020,0304959017,0,
2020,0304959019,0,
2020,0304959030,0,
2020,0304959090,0,
2020,0304960000,0,
2020,0304970000,0,
2020,0304991000,0,
2020,0304992100,0,
2020,0304992300,0,
2020,0304992900,0,
2020,0304995500,0,
2020,0304996100,0,
2020,0304996500,2.6,
2020,0304999900,0,
2020,0305100000,0,
2020,0305200000,0,
2020,0305310000,0,
2020,0305321100,0,
2020,0305321900,0,
2020,0305329000,0,
2020,0305391000,0,
2020,0305395000,0,
2020,0305399010,0,
2020,0305399020,0,
2020,0305399030,0,
2020,0305399040,0,
2020,0305399050,0,
2020,0305399060,0,
2020,0305399065,0,
2020,0305399070,0,
2020,0305399080,0,
2020,0305399090,0,
2020,0305410000,0,
2020,0305420000,0,
2020,0305430000,10.5,
2020,0305440000,0,
2020,0305491000,0,
2020,0305492000,0,
2020,0305493000,0,
2020,0305498000,0,
2020,0305510000,0,
2020,0305520000,0,
2020,0305531000,0,
2020,0305539000,0,
2020,0305543000,0,
2020,0305545000,0,
2020,0305549000,0,
2020,0305597000,0,
2020,0305598500,0,
2020,0305610000,0,
2020,0305620000,0,
2020,0305630000,0,
2020,0305640000,0,
2020,0305691000,0,
2020,0305693000,0,
2020,0305695000,0,
2020,0305698020,0,
2020,0305698025,0,
2020,0305698030,0,
2020,0305698040,0,
2020,0305698050,0,
2020,0305698061,0,
2020,0305698064,0,
2020,0305698065,0,
2020,0305698067,0,
2020,0305698070,0,
2020,0305698090,0,
2020,0305710010,0,
2020,0305710090,0,
2020,0305720000,0,
2020,0305790000,0,
2020,0306111000,0,
2020,0306119000,0,
2020,0306121000,0,
2020,0306129000,0,
2020,0306141000,0,
2020,0306143000,0,
2020,0306149000,0,
2020,0306150000,0,
2020,0306169100,0,
2020,0306169900,0,
2020,0306179100,0,
2020,0306179200,4.2,
2020,0306179300,0,
2020,0306179400,0,
2020,0306179900,4.2,
2020,0306191000,0,
2020,0306199000,4.2,
2020,0306310000,0,
2020,0306321000,0,
2020,0306329100,0,
2020,0306329900,0,
2020,0306331000,0,
2020,0306339000,0,
2020,0306340000,0,
2020,0306351000,0,
2020,0306355000,0,
2020,0306359000,0,
2020,0306361000,0,
2020,0306365000,0,
2020,0306369000,0,
2020,0306391000,0,
2020,0306399020,0,
2020,0306399090,0,
2020,0306910000,0,
2020,0306921000,0,
2020,0306929000,0,
2020,0306931000,0,
2020,0306939000,0,
2020,0306940000,0,
2020,0306951100,0,
2020,0306951900,0,
2020,0306952000,0,
2020,0306953000,0,
2020,0306954000,0,
2020,0306959000,0,
2020,0306991000,0,
2020,0306999020,0,
2020,0306999090,0,
2020,0307111010,0,
2020,0307111090,0,
2020,0307119000,0,
2020,0307120000,0,
2020,0307190000,0,
2020,0307210000,0,
2020,0307221000,0,
2020,0307229000,0,
2020,0307290000,0,
2020,0307311000,0,
2020,0307319000,0,
2020,0307321000,0,
2020,0307329000,0,
2020,0307392000,0,
2020,0307398000,0,
2020,0307421000,0,
2020,0307422000,0,
2020,0307423000,0,
2020,0307424000,0,
2020,0307429000,0,
2020,0307432100,0,
2020,0307432500,0,
2020,0307432900,0,
2020,0307433100,0,
2020,0307433300,0,
2020,0307433500,0,
2020,0307433800,0,
2020,0307439100,0,
2020,0307439200,0,
2020,0307439500,0,
2020,0307439900,0,
2020,0307492000,0,
2020,0307494000,0,
2020,0307495000,0,
2020,0307496000,0,
2020,0307498000,0,
2020,0307510000,0,
2020,0307520000,0,
2020,0307590000,0,
2020,0307600000,0,
2020,0307710000,0,
2020,0307721000,0,
2020,0307729000,0,
2020,0307790000,0,
2020,0307810000,0,
2020,0307820000,0,
2020,0307830000,0,
2020,0307840000,0,
2020,0307870000,0,
2020,0307880000,0,
2020,0307910000,0,
2020,0307920000,0,
2020,0307990000,0,
2020,0308110000,0,
2020,0308120000,0,
2020,0308190000,0,
2020,0308210000,0,
2020,0308220000,0,
2020,0308290000,0,
2020,0308305000,0,
2020,0308308000,0,
2020,0308901000,0,
2020,0308905000,0,
2020,0308909000,0,
2020,0403105100,0,Indonesia
2020,0403105300,0,Indonesia
2020,0403105900,0,Indonesia
2020,0403109100,0,Indonesia
2020,0403109300,0,Indonesia
2020,0403109900,0,Indonesia
2020,0403907100,0,Indonesia
2020,0403907300,0,Indonesia
2020,0403907900,0,Indonesia
2020,0403909100,0,Indonesia
2020,0403909300,0,Indonesia
2020,0403909900,0,Indonesia
2020,0405201000,0,Indonesia
2020,0405203000,0,Indonesia
2020,0407199000,0,Indonesia
2020,0407299000,0,Indonesia
2020,0407909000,0,Indonesia
2020,0410000000,0,Indonesia
2020,0511993900,0,Indonesia
2020,0601100000,0,
2020,0601201000,0,
2020,0601203000,0,
2020,0601209000,0,
2020,0602101000,0,
2020,0602109000,0,
2020,0602201000,0,
2020,0602202000,0,
2020,0602203000,0,
2020,0602208000,0,
2020,0602300000,0,
2020,0602400000,0,
2020,0602901000,0,
2020,0602902000,0,
2020,0602903000,0,
2020,0602904100,0,
2020,0602904500,0,
2020,0602904600,0,
2020,0602904700,0,
2020,0602904800,0,
2020,0602905000,0,
2020,0602907000,0,
2020,0602909100,0,
2020,0602909900,0,
2020,0603110000,0,
2020,0603120000,0,
2020,0603130000,0,
2020,0603140000,0,
2020,0603150000,0,
2020,0603190000,0,
2020,0603900000,0,
2020,0604201100,0,
2020,0604201900,0,
2020,0604202000,0,
2020,0604204000,0,
2020,0604209000,0,
2020,0604901100,0,
2020,0604901900,0,
2020,0604909100,0,
2020,0604909900,0,
2020,0701100000,0,
2020,0701901000,0,
2020,0701905000,0,
2020,0701909000,0,
2020,0703100000,0,
2020,0703900000,0,
2020,0704100000,0,
2020,0704200000,0,
2020,0704900000,0,
2020,0705110000,0,
2020,0705190000,0,
2020,0705210000,0,
2020,0705290000,0,
2020,0706100000,0,
2020,0706901000,0,
2020,0706903000,0,
2020,0706909000,0,
2020,0707000510,0,
2020,0707000520,0,
2020,0707000590,0,
2020,0707000599,0,
2020,0708100000,0,
2020,0708200000,7,
2020,0708900000,0,
2020,0709200000,0,
2020,0709300000,0,
2020,0709400000,0,
2020,0709510000,0,
2020,0709591000,0,
2020,0709593000,0,
2020,0709599000,0,
2020,0709601000,0,
2020,0709609900,0,
2020,0709700000,0,
2020,0709910000,0,
2020,0709921000,0,
2020,0709931000,0,
2020,0709939000,0,
2020,0709991000,0,
2020,0709992000,0,
2020,0709994000,0,
2020,0709995000,0,
2020,0709999000,0,
2020,0710100000,0,
2020,0710210000,0,
2020,0710220000,0,
2020,0710290000,0,
2020,0710300000,0,
2020,0710400000,0,
2020,0710801000,0,
2020,0710805100,0,
2020,0710805900,0,
2020,0710806100,0,
2020,0710806900,0,
2020,0710807000,0,
2020,0710808000,0,
2020,0710809500,0,
2020,0710900000,0,
2020,0711201000,0,
2020,0711400000,0,
2020,0711510000,0,
2020,0711590000,0,
2020,0711901000,0,
2020,0711903000,0,
2020,0711905000,0,
2020,0711907000,0,
2020,0711908000,0,
2020,0711909000,0,
2020,0712200000,0,
2020,0712310000,0,
2020,0712320000,0,
2020,0712330000,0,
2020,0712390000,0,
2020,0712900500,0,
2020,0712901100,0,
2020,0712903000,0,
2020,0712905000,0,
2020,0712909010,0,
2020,0712909090,0,
2020,0713101000,0,
2020,0713109000,0,
2020,0713200000,0,
2020,0713310000,0,
2020,0713320000,0,
2020,0713331000,0,
2020,0713339000,0,
2020,0713340000,0,
2020,0713350000,0,
2020,0713390000,0,
2020,0713400000,0,
2020,0713500000,0,
2020,0713600000,0,
2020,0713900000,0,
2020,0714201000,0,
2020,0714209000,0,
2020,0714909000,0,
2020,0802119000,0,
2020,0802129000,0,
2020,0802210000,0,
2020,0802220000,0,
2020,0802310000,0,
2020,0802320000,0,
2020,0802410000,0,
2020,0802420000,0,
2020,0802510000,0,
2020,0802520000,0,
2020,0802610000,0,
2020,0802620000,0,
2020,0802905000,0,
2020,0802908500,0,
2020,0803101000,0,
2020,0803109000,0,
2020,0803909000,13,
2020,0804100000,0,
2020,0804201000,0,
2020,0804209000,0,
2020,0804300000,0,
2020,0804400000,0,
2020,0805211000,0,
2020,0805219000,0,
2020,0805220011,0,
2020,0805220019,0,
2020,0805220020,0,
2020,0805220090,0,
2020,0805290000,0,
2020,0805400000,0,
2020,0805509000,0,
2020,0805900000,0,
2020,0806109000,0,
2020,0806201000,0,
2020,0806203010,0,
2020,0806209000,0,
2020,0807110000,0,
2020,0807190000,0,
2020,0808101000,0,
2020,0808301000,0,
2020,0808400000,0,
2020,0809100000,0,
2020,0809210000,0,
2020,0809290000,0,
2020,0809301000,0,
2020,0809309000,0,
2020,0809400500,0,
2020,0809409000,0,
2020,0810100000,0,
2020,0810201000,0,
2020,0810209000,0,
2020,0810301000,0,
2020,0810303000,0,
2020,0810309000,0,
2020,0810403000,0,
2020,0810405000,0,
2020,0810409000,0,
2020,0810500000,0,
2020,0810600000,0,
2020,0810700000,0,
2020,0810907500,0,
2020,0811901100,0,
2020,0811901900,0,
2020,0811903100,0,
2020,0811903900,0,
2020,0811905000,0,
2020,0811907000,0,
2020,0811907500,0,
2020,0811908000,0,
2020,0811908500,0,
2020,0811909500,0,
2020,0812100000,0,
2020,0812902500,0,
2020,0812903000,0,
2020,0812904000,0,
2020,0812907000,0,
2020,0812909800,0,
2020,0813100000,0,
2020,0813200000,0,
2020,0813300000,0,
2020,0813401000,0,
2020,0813403000,0,
2020,0813405000,0,
2020,0813409500,0,
2020,0813501200,0,
2020,0813501500,0,
2020,0813501900,0,
2020,0813503100,0,
2020,0813503900,0,
2020,0813509100,0,
2020,0813509900,0,
2020,0814000000,0,
2020,0901110000,0,
2020,0901120000,0,
2020,0901210000,0,
2020,0901220000,0,
2020,0901901000,0,
2020,0901909000,0,
2020,0902100000,0,
2020,0902200000,0,
2020,0902300000,0,
2020,0902400000,0,
2020,0903000000,0,
2020,0904110010,0,
2020,0904110090,0,
2020,0904120000,0,
2020,0904211000,0,
2020,0904219020,0,
2020,0904219080,0,
2020,0904220000,0,
2020,0905000000,2.1,
2020,0906110000,0,
2020,0906190000,0,
2020,0906200000,0,
2020,0907000000,2.8,
2020,0908110000,0,
2020,0908120000,0,
2020,0908210000,0,
2020,0908220000,0,
2020,0908310000,0,
2020,0908320000,0,
2020,0909210000,0,
2020,0909220000,0,
2020,0909310000,0,
2020,0909320000,0,
2020,0909610000,0,
2020,0909620000,0,
2020,0910110000,0,
2020,0910120000,0,
2020,0910201000,0,
2020,0910209000,0,
2020,0910300000,0,
2020,0910910500,0,
2020,0910911000,0,
2020,0910919000,0,
2020,0910991000,0,
2020,0910993100,0,
2020,0910993300,0,
2020,0910993900,0,
2020,0910995000,0,
2020,0910999100,0,
2020,0910999900,0,
2020,1008500000,0,
2020,1104291700,0,
2020,1105000000,0,
2020,1106100000,0,
2020,1106301000,0,
2020,1106309000,0,
2020,1108200000,0,
2020,1201100000,0,
2020,1201900000,0,
2020,1202300000,0,
2020,1202410000,0,
2020,1202420000,0,
2020,1203000000,0,
2020,1204001000,0,
2020,1204009000,0,
2020,1205101000,0,
2020,1205109000,0,
2020,1205900000,0,
2020,1206001000,0,
2020,1206009100,0,
2020,1206009900,0,
2020,1207100000,0,
2020,1207210000,0,
2020,1207290000,0,
2020,1207300000,0,
2020,1207401000,0,
2020,1207409000,0,
2020,1207501000,0,
2020,1207509000,0,
2020,1207600000,0,
2020,1207700010,0,
2020,1207700090,0,
2020,1207911000,0,
2020,1207919000,0,
2020,1207992010,0,
2020,1207992090,0,
2020,1207999100,0,
2020,1207999610,0,
2020,1207999690,0,
2020,1208100000,0,
2020,1208900010,0,
2020,1208900090,0,
2020,1209100000,0,
2020,1209210000,0,
2020,1209221000,0,
2020,1209228000,0,
2020,1209231100,0,
2020,1209231500,0,
2020,1209238000,0,
2020,1209240000,0,
2020,1209251000,0,
2020,1209259000,0,
2020,1209294500,0,
2020,1209295000,0,
2020,1209296000,0,
2020,1209298000,0,
2020,1209300000,0,
2020,1209913000,0,
2020,1209918000,0,
2020,1209991000,0,
2020,1209999100,0,
2020,1209999900,0,
2020,1211200000,0,
2020,1211300000,0,
2020,1211400000,0,
2020,1211500000,0,
2020,1211903000,0,
2020,1211908610,0,
2020,1211908620,0,
2020,1211908630,0,
2020,1211908690,0,
2020,1212210000,0,
2020,1212290000,0,
2020,1212920000,0,
2020,1212940000,0,
2020,1212994100,0,
2020,1212994900,0,
2020,1212999510,0,
2020,1212999520,0,
2020,1212999590,0,
2020,1213000010,0,
2020,1213000090,0,
2020,1214100000,0,
2020,1214901000,0,
2020,1214909020,0,
2020,1214909090,0,
2020,1301200000,0,
2020,1301900000,0,
2020,1302110000,0,
2020,1302120000,0,
2020,1302130000,0,
2020,1302140000,0,
2020,1302190500,0,
2020,1302197000,0,
2020,1302201000,0,
2020,1302209000,0,
2020,1302310000,0,
2020,1302321000,0,
2020,1302329010,0,
2020,1302329019,0,
2020,1302329099,0,
2020,1302390000,0,
2020,1501900000,0,Indonesia and Ukraine
2020,1502109000,0,Indonesia and Ukraine
2020,1502909000,0,Indonesia and Ukraine
2020,1503001900,0,Indonesia and Ukraine
2020,1503009000,0,Indonesia and Ukraine
2020,1504101000,0,Indonesia and Ukraine
2020,1504109100,0,Indonesia and Ukraine
2020,1504109900,0,Indonesia and Ukraine
2020,1504201000,0,Indonesia and Ukraine
2020,1504209000,0,Indonesia and Ukraine
2020,1504301000,0,Indonesia and Ukraine
2020,1504309000,0,Indonesia and Ukraine
2020,1505001000,0,Indonesia and Ukraine
2020,1507101000,0,Indonesia and Ukraine
2020,1507109000,0,Indonesia and Ukraine
2020,1507901000,0,Indonesia and Ukraine
2020,1507909000,0,Indonesia and Ukraine
2020,1508101000,0,Indonesia and Ukraine
2020,1508109000,0,Indonesia and Ukraine
2020,1508901000,0,Indonesia and Ukraine
2020,1508909000,0,Indonesia and Ukraine
2020,1511109000,0,Indonesia and Ukraine
2020,1511901100,0,Indonesia and Ukraine
2020,1511901900,0,Indonesia and Ukraine
2020,1511909100,0,Indonesia and Ukraine
2020,1511909900,0,Indonesia and Ukraine
2020,1512111000,0,Indonesia and Ukraine
2020,1512119100,0,Indonesia and Ukraine
2020,1512119900,0,Indonesia and Ukraine
2020,1512191000,0,Indonesia and Ukraine
2020,1512199000,0,Indonesia and Ukraine
2020,1512211000,0,Indonesia and Ukraine
2020,1512219000,0,Indonesia and Ukraine
2020,1512291000,0,Indonesia and Ukraine
2020,1512299000,0,Indonesia and Ukraine
2020,1513111000,0,Indonesia and Ukraine
2020,1513119100,4.4,Indonesia and Ukraine
2020,1513119900,2.0,Indonesia and Ukraine
2020,1513191100,0,Indonesia and Ukraine
2020,1513191900,0,Indonesia and Ukraine
2020,1513193000,0,Indonesia and Ukraine
2020,1513199100,0,Indonesia and Ukraine
2020,1513199900,0,Indonesia and Ukraine
2020,1513211000,0,Indonesia and Ukraine
2020,1513213000,0,Indonesia and Ukraine
2020,1513219000,2.2,Indonesia and Ukraine
2020,1513291100,0,Indonesia and Ukraine
2020,1513291900,0,Indonesia and Ukraine
2020,1513293000,0,Indonesia and Ukraine
2020,1513295000,0,Indonesia and Ukraine
2020,1513299000,0,Indonesia and Ukraine
2020,1514111000,0,Indonesia and Ukraine
2020,1514119000,0,Indonesia and Ukraine
2020,1514191000,0,Indonesia and Ukraine
2020,1514199000,0,Indonesia and Ukraine
2020,1514911000,0,Indonesia and Ukraine
2020,1514919000,0,Indonesia and Ukraine
2020,1514991000,0,Indonesia and Ukraine
2020,1514999000,0,Indonesia and Ukraine
2020,1515110000,0,Indonesia and Ukraine
2020,1515191000,0,Indonesia and Ukraine
2020,1515199000,0,Indonesia and Ukraine
2020,1515211000,0,Indonesia and Ukraine
2020,1515219000,0,Indonesia and Ukraine
2020,1515291000,0,Indonesia and Ukraine
2020,1515299000,0,Indonesia and Ukraine
2020,1515301000,0,Indonesia and Ukraine
2020,1515309000,0,Indonesia and Ukraine
2020,1515501100,0,Indonesia and Ukraine
2020,1515501900,0,Indonesia and Ukraine
2020,1515509100,0,Indonesia and Ukraine
2020,1515509900,0,Indonesia and Ukraine
2020,1515901100,0,Indonesia and Ukraine
2020,1515902100,0,Indonesia and Ukraine
2020,1515902900,0,Indonesia and Ukraine
2020,1515903100,0,Indonesia and Ukraine
2020,1515903900,0,Indonesia and Ukraine
2020,1515904000,0,Indonesia and Ukraine
2020,1515905100,0,Indonesia and Ukraine
2020,1515905900,0,Indonesia and Ukraine
2020,1515906000,0,Indonesia and Ukraine
2020,1515909100,0,Indonesia and Ukraine
2020,1515909900,0,Indonesia and Ukraine
2020,1516101000,0,Indonesia and Ukraine
2020,1516109000,0,Indonesia and Ukraine
2020,1516201000,0,Indonesia and Ukraine
2020,1516209100,0,Indonesia and Ukraine
2020,1516209500,0,Indonesia and Ukraine
2020,1516209600,0,Indonesia and Ukraine
2020,1516209800,7.4,Indonesia and Ukraine
2020,1517101000,0,Indonesia and Ukraine
2020,1517109000,0,Indonesia and Ukraine
2020,1517901000,0,Indonesia and Ukraine
2020,1517909100,0,Indonesia and Ukraine
2020,1517909300,0,Indonesia and Ukraine
2020,1517909900,0,Indonesia and Ukraine
2020,1518001000,0,Indonesia and Ukraine
2020,1518003100,0,Indonesia and Ukraine
2020,1518003900,0,Indonesia and Ukraine
2020,1518009100,4.2,Indonesia and Ukraine
2020,1518009500,0,Indonesia and Ukraine
2020,1518009900,4.2,Indonesia and Ukraine
2020,1521909900,0,Indonesia and Ukraine
2020,1522001000,0,Indonesia and Ukraine
2020,1522009100,0,Indonesia and Ukraine
2020,1601001000,0,
2020,1602201000,0,
2020,1602419000,0,
2020,1602429000,0,
2020,1602499000,0,
2020,1602903100,0,
2020,1602906900,0,
2020,1602909100,9.3,
2020,1602909500,13.1,
2020,1602909900,0,
2020,1603001000,0,
2020,1604110000,0,
2020,1604121000,0,
2020,1604129100,0,
2020,1604129900,0,
2020,1604131100,0,
2020,1604131900,0,
2020,1604139000,0,
2020,1604142100,20.5,
2020,1604142600,20.5,
2020,1604142800,20.5,
2020,1604143100,20.5,
2020,1604143600,0,
2020,1604143800,20.5,
2020,1604144100,20.5,
2020,1604144600,0,
2020,1604144800,20.5,
2020,1604149000,0,
2020,1604151100,0,
2020,1604151900,0,
2020,1604159000,0,
2020,1604160000,0,
2020,1604170000,0,
2020,1604180000,0,
2020,1604191000,0,
2020,1604193100,0,
2020,1604193900,0,
2020,1604195000,0,
2020,1604199100,0,
2020,1604199200,0,
2020,1604199300,0,
2020,1604199400,0,
2020,1604199500,0,
2020,1604199700,0,
2020,1604200500,0,
2020,1604201000,0,
2020,1604203000,0,
2020,1604204000,0,
2020,1604205010,0,
2020,1604205019,0,
2020,1604205030,0,
2020,1604205040,0,
2020,1604205050,0,
2020,1604205090,0,
2020,1604207000,0,
2020,1604209011,0,
2020,1604209019,0,
2020,1604209020,0,
2020,1604209030,0,
2020,1604209035,0,
2020,1604209040,0,
2020,1604209050,0,
2020,1604209060,0,
2020,1604209090,0,
2020,1604310000,0,
2020,1604320000,0,
2020,1605100000,0,
2020,1605210000,0,
2020,1605290000,0,
2020,1605301000,0,
2020,1605309000,0,
2020,1605400000,0,
2020,1605510000,0,
2020,1605520000,0,
2020,1605531000,0,
2020,1605539000,0,
2020,1605540000,0,
2020,1605550000,0,
2020,1605560000,0,
2020,1605570000,0,
2020,1605580000,0,
2020,1605590000,0,
2020,1605610000,0,
2020,1605620000,0,
2020,1605630000,0,
2020,1605690000,0,
2020,1702500000,0,
2020,1702901000,0,
2020,1704101000,0,
2020,1704109000,0,
2020,1704901000,0,
2020,1704903000,0,
2020,1704905100,0,
2020,1704905500,0,
2020,1704906100,0,
2020,1704906500,0,
2020,1704907100,0,
2020,1704907500,0,
2020,1704908100,0,
2020,1704909900,0,
2020,1801000000,0,
2020,1802000000,0,
2020,1803000000,6.1,
2020,1804000000,4.2,
2020,1805000000,0,
2020,1806101500,0,
2020,1806102000,0,
2020,1806103000,0,
2020,1806109000,0,
2020,1806201000,0,
2020,1806203000,0,
2020,1806205000,0,
2020,1806207000,0,
2020,1806208000,0,
2020,1806209500,0,
2020,1806310000,0,
2020,1806320000,0,
2020,1806900000,0,
2020,1901100000,0,
2020,1901200000,0,
2020,1901901100,0,
2020,1901901900,0,
2020,1901909100,0,
2020,1901909900,0,
2020,1902110000,0,
2020,1902191000,0,
2020,1902199000,0,
2020,1902201000,0,
2020,1902203000,0,
2020,1902209100,0,
2020,1902209900,0,
2020,1902301000,0,
2020,1902309000,0,
2020,1902401000,0,
2020,1902409000,0,
2020,1903000000,0,
2020,1904101000,0,
2020,1904103000,0,
2020,1904109000,0,
2020,1904201000,0,
2020,1904209100,0,
2020,1904209500,0,
2020,1904209900,0,
2020,1904300000,0,
2020,1904901000,0,
2020,1904908000,0,
2020,1905100000,0,
2020,1905201000,0,
2020,1905203000,0,
2020,1905209000,0,
2020,1905311100,0,
2020,1905311900,0,
2020,1905313000,0,
2020,1905319100,0,
2020,1905319900,0,
2020,1905320500,0,
2020,1905321100,0,
2020,1905321900,0,
2020,1905329100,0,
2020,1905329900,0,
2020,1905400000,0,
2020,1905901000,0,
2020,1905902000,0,
2020,1905903000,0,
2020,1905904500,0,
2020,1905905500,0,
2020,1905907000,0,
2020,1905908000,0,
2020,2001100000,0,
2020,2001901000,0,
2020,2001902000,0,
2020,2001903000,0,
2020,2001904000,0,
2020,2001905000,0,
2020,2001906500,0,
2020,2001907000,0,
2020,2001909210,0,
2020,2001909221,0,
2020,2001909229,0,
2020,2001909711,0,
2020,2001909719,0,
2020,2001909721,0,
2020,2001909729,0,
2020,2001909731,0,
2020,2001909739,0,
2020,2001909754,0,
2020,2001909756,0,
2020,2001909781,0,
2020,2001909789,0,
2020,2001909791,0,
2020,2001909799,0,
2020,2003102000,0,
2020,2003103000,0,
2020,2003901000,0,
2020,2003909000,0,
2020,2004101000,0,
2020,2004109100,0,
2020,2004109900,0,
2020,2004901000,0,
2020,2004903000,0,
2020,2004905000,0,
2020,2004909100,0,
2020,2004909800,0,
2020,2005100000,0,
2020,2005201000,0,
2020,2005202000,0,
2020,2005208000,0,
2020,2005400000,0,
2020,2005510000,0,
2020,2005590000,0,
2020,2005600000,0,
2020,2005700000,0,
2020,2005910000,0,
2020,2005991000,0,
2020,2005992000,0,
2020,2005993000,0,
2020,2005995000,0,
2020,2005996000,0,
2020,2005998000,0,
2020,2006001000,0,
2020,2006003100,0,
2020,2006003500,0,
2020,2006003800,0,
2020,2006009100,0,
2020,2006009900,0,
2020,2007101000,0,
2020,2007109100,0,
2020,2007109900,0,
2020,2007911000,0,
2020,2007913000,0,
2020,2007919000,0,
2020,2007991000,0,
2020,2007992000,0,
2020,2007993100,0,
2020,2007993300,0,
2020,2007993500,0,
2020,2007993900,0,
2020,2007995000,0,
2020,2007999300,0,
2020,2007999700,0,
2020,2008111000,0,
2020,2008119100,0,
2020,2008119600,0,
2020,2008119800,0,
2020,2008191200,0,
2020,2008191300,0,
2020,2008191900,0,
2020,2008199200,0,
2020,2008199300,0,
2020,2008199500,0,
2020,2008199900,0,
2020,2008201100,0,
2020,2008201900,0,
2020,2008203100,0,
2020,2008203900,0,
2020,2008205100,0,
2020,2008205900,0,
2020,2008207100,0,
2020,2008207900,0,
2020,2008209000,0,
2020,2008301100,0,
2020,2008301900,0,
2020,2008303100,0,
2020,2008303900,0,
2020,2008305100,0,
2020,2008305500,0,
2020,2008305900,0,
2020,2008307100,0,
2020,2008307500,0,
2020,2008307900,0,
2020,2008309000,0,
2020,2008401100,0,
2020,2008402100,0,
2020,2008402900,0,
2020,2008403900,0,
2020,2008501100,0,
2020,2008501900,0,
2020,2008503100,0,
2020,2008503900,0,
2020,2008505100,0,
2020,2008505900,0,
2020,2008506100,0,
2020,2008506900,0,
2020,2008507100,0,
2020,2008507900,0,
2020,2008509200,0,
2020,2008509811,0,
2020,2008509813,0,
2020,2008509815,0,
2020,2008509819,0,
2020,2008509891,0,
2020,2008509893,0,
2020,2008509899,0,
2020,2008601100,0,
2020,2008601900,0,
2020,2008603100,0,
2020,2008603900,0,
2020,2008605000,0,
2020,2008606000,0,
2020,2008607000,0,
2020,2008609000,0,
2020,2008701100,0,
2020,2008703100,0,
2020,2008703900,0,
2020,2008705900,0,
2020,2008801100,0,
2020,2008801900,0,
2020,2008803100,0,
2020,2008803900,0,
2020,2008805000,0,
2020,2008807000,0,
2020,2008809000,0,
2020,2008910000,0,
2020,2008931100,0,
2020,2008931900,0,
2020,2008932100,0,
2020,2008932900,0,
2020,2008939100,0,
2020,2008939300,0,
2020,2008939900,0,
2020,2008970300,0,
2020,2008970500,0,
2020,2008971200,0,
2020,2008971400,0,
2020,2008971600,0,
2020,2008971800,0,
2020,2008973200,0,
2020,2008973400,0,
2020,2008973600,0,
2020,2008973800,0,
2020,2008975100,0,
2020,2008975900,0,
2020,2008977200,0,
2020,2008977400,0,
2020,2008977600,0,
2020,2008977800,0,
2020,2008979200,0,
2020,2008979300,0,
2020,2008979400,0,
2020,2008979600,0,
2020,2008979700,0,
2020,2008979800,0,
2020,2008991100,0,
2020,2008991900,0,
2020,2008992100,0,
2020,2008992300,0,
2020,2008992400,0,
2020,2008992800,0,
2020,2008993100,0,
2020,2008993400,0,
2020,2008993600,0,
2020,2008993700,0,
2020,2008993800,0,
2020,2008994000,0,
2020,2008994300,0,
2020,2008994500,0,
2020,2008994811,0,
2020,2008994819,0,
2020,2008994891,0,
2020,2008994894,0,
2020,2008994899,0,
2020,2008994900,0,
2020,2008995100,0,
2020,2008996300,0,
2020,2008996700,0,
2020,2008997200,0,
2020,2008997800,0,
2020,2008998500,0,
2020,2008999100,0,
2020,2008999900,0,
2020,2009111100,0,
2020,2009111900,0,
2020,2009119100,0,
2020,2009119900,0,
2020,2009120000,0,
2020,2009191100,0,
2020,2009191900,0,
2020,2009199100,0,
2020,2009199800,0,
2020,2009210000,0,
2020,2009291100,0,
2020,2009291900,0,
2020,2009299100,0,
2020,2009299900,0,
2020,2009311100,0,
2020,2009311900,0,
2020,2009315100,0,
2020,2009315900,0,
2020,2009319100,0,
2020,2009319900,0,
2020,2009391100,0,
2020,2009391900,0,
2020,2009393100,0,
2020,2009393900,0,
2020,2009395100,0,
2020,2009395500,0,
2020,2009395900,0,
2020,2009399100,0,
2020,2009399500,0,
2020,2009399900,0,
2020,2009419200,0,
2020,2009419900,0,
2020,2009491100,0,
2020,2009491900,0,
2020,2009493000,0,
2020,2009499100,0,
2020,2009499300,0,
2020,2009499900,0,
2020,2009501000,0,
2020,2009509000,0,
2020,2009611000,0,
2020,2009619000,0,
2020,2009691100,0,
2020,2009691900,0,
2020,2009695100,0,
2020,2009695900,0,
2020,2009697100,0,
2020,2009697900,0,
2020,2009699000,0,
2020,2009710000,0,
2020,2009791100,0,
2020,2009791900,0,
2020,2009793000,0,
2020,2009799100,0,
2020,2009799800,0,
2020,2009811100,0,
2020,2009811900,0,
2020,2009813100,0,
2020,2009815100,0,
2020,2009815900,0,
2020,2009819500,0,
2020,2009819900,0,
2020,2009891100,0,
2020,2009891900,0,
2020,2009893400,0,
2020,2009893500,0,
2020,2009893600,0,
2020,2009893800,0,
2020,2009895000,0,
2020,2009896100,0,
2020,2009896300,0,
2020,2009896900,0,
2020,2009897100,0,
2020,2009897300,0,
2020,2009897900,0,
2020,2009898500,0,
2020,2009898600,0,
2020,2009898800,0,
2020,2009898900,0,
2020,2009899600,0,
2020,2009899700,0,
2020,2009899900,0,
2020,2009901100,0,
2020,2009901900,0,
2020,2009902100,0,
2020,2009902900,0,
2020,2009903100,0,
2020,2009903900,0,
2020,2009904100,0,
2020,2009904900,0,
2020,2009905100,0,
2020,2009905900,0,
2020,2009907100,0,
2020,2009907300,0,
2020,2009907900,0,
2020,2009909200,0,
2020,2009909400,0,
2020,2009909500,0,
2020,2009909600,0,
2020,2009909700,0,
2020,2009909800,0,
2020,2101110000,0,
2020,2101129200,0,
2020,2101129800,0,
2020,2101202000,0,
2020,2101209200,0,
2020,2101209800,0,
2020,2101301100,0,
2020,2101301900,0,
2020,2101309100,0,
2020,2101309900,0,
2020,2102101000,0,
2020,2102103100,0,
2020,2102103900,0,
2020,2102109000,0,
2020,2102201100,0,
2020,2102201900,0,
2020,2102209000,0,
2020,2102300000,0,
2020,2103100000,0,
2020,2103200000,0,
2020,2103301000,0,
2020,2103309000,0,
2020,2103901000,0,
2020,2103903000,0,
2020,2103909000,0,
2020,2104100000,0,
2020,2104200000,0,
2020,2105001000,0,
2020,2105009100,0,
2020,2105009900,0,
2020,2106902000,0,
2020,2106909200,0,
2020,2106909800,0,
2020,2201101100,0,
2020,2201101900,0,
2020,2201109000,0,
2020,2201900000,0,
2020,2202100000,0,
2020,2202910000,0,
2020,2202991100,0,
2020,2202991500,0,
2020,2202991900,0,
2020,2202999100,0,
2020,2202999500,0,
2020,2202999900,0,
2020,2203000100,0,
2020,2203000900,0,
2020,2203001000,0,
2020,2204309200,0,
2020,2204309400,0,
2020,2204309600,0,
2020,2204309800,0,
2020,2205101000,0,
2020,2205109000,0,
2020,2205901000,0,
2020,2205909000,0,
2020,2206001000,0,
2020,2206003100,0,
2020,2206003900,0,
2020,2206005100,0,
2020,2206005900,0,
2020,2206008100,0,
2020,2206008900,0,
2020,2208201200,0,
2020,2208201400,0,
2020,2208202600,0,
2020,2208202700,0,
2020,2208202900,0,
2020,2208204000,0,
2020,2208206200,0,
2020,2208206400,0,
2020,2208208600,0,
2020,2208208700,0,
2020,2208208900,0,
2020,2208301100,0,
2020,2208301900,0,
2020,2208303000,0,
2020,2208304100,0,
2020,2208304900,0,
2020,2208306100,0,
2020,2208306900,0,
2020,2208307100,0,
2020,2208307900,0,
2020,2208308200,0,
2020,2208308800,0,
2020,2208501100,0,
2020,2208501900,0,
2020,2208509100,0,
2020,2208509900,0,
2020,2208601100,0,
2020,2208601900,0,
2020,2208609100,0,
2020,2208609900,0,
2020,2208701000,0,
2020,2208709000,0,
2020,2208901100,0,
2020,2208901900,0,
2020,2208903300,0,
2020,2208903800,0,
2020,2208904100,0,
2020,2208904500,0,
2020,2208904800,0,
2020,2208905400,0,
2020,2208905600,0,
2020,2208906900,0,
2020,2208907100,0,
2020,2208907500,0,
2020,2208907700,0,
2020,2208907800,0,
2020,2208909100,0,
2020,2208909900,0,
2020,2209001100,0,
2020,2209001900,0,
2020,2209009100,0,
2020,2209009900,0,
2020,2302500000,0,
2020,2307001900,0,
2020,2308001900,0,
2020,2308009000,0,
2020,2309109000,0,
2020,2309901000,0,
2020,2309909100,0,
2020,2309909600,0,
2020,2401103510,0,
2020,2401103520,0,
2020,2401103591,0,
2020,2401103599,0,
2020,2401106000,0,
2020,2401107000,0,
2020,2401108510,0,
2020,2401108590,0,
2020,2401109511,0,
2020,2401109519,0,
2020,2401109521,0,
2020,2401109529,0,
2020,2401109591,0,
2020,2401109599,0,
2020,2401203510,0,
2020,2401203520,0,
2020,2401203591,0,
2020,2401203599,0,
2020,2401206000,0,
2020,2401207000,0,
2020,2401208510,0,
2020,2401208590,0,
2020,2401209511,0,
2020,2401209519,0,
2020,2401209521,0,
2020,2401209529,0,
2020,2401209591,0,
2020,2401209599,0,
2020,2401300000,0,
2020,2402100000,0,
2020,2402201000,0,
2020,2402209000,0,
2020,2402900000,0,
2020,2403110000,0,
2020,2403190000,0,
2020,2403910000,0,
2020,2403991000,0,
2020,2403999000,0,
2020,2519901000,0,India
2020,2522000000,0,India
2020,2523000000,0,India
2020,2700000000,0,India
2020,2801000000,0,India
2020,2802000000,0,India
2020,2804100000,0,India
2020,2804210000,0,India
2020,2804290000,0,India
2020,2804300000,0,India
2020,2804400000,0,India
2020,2804500000,0,India
2020,2804610000,0,India
2020,2804700000,0,India
2020,2804800000,0,India
2020,2804900000,0,India
2020,2805190000,0,India
2020,2805300000,0,India
2020,2806000000,0,India
2020,2807000000,0,India
2020,2808000000,0,India
2020,2809000000,0,India
2020,2810009000,0,India
2020,2811000000,0,India
2020,2812000000,0,India
2020,2813000000,0,India
2020,2814000000,0,India
2020,2815110000,0,India
2020,2815120000,0,India
2020,2815200000,0,India
2020,2815300000,0,India
2020,2816000000,0,India
2020,2817000000,0,India
2020,2818100000,0,India
2020,2818200000,0,India
2020,2819100000,0,India
2020,2819901000,0,India
2020,2819909000,0,India
2020,2820100000,0,India
2020,2820901000,0,India
2020,2820909000,0,India
2020,2821000000,0,India
2020,2822000000,0,India
2020,2823000000,0,India
2020,2824000000,0,India
2020,2825100000,0,India
2020,2825200000,0,India
2020,2825300000,0,India
2020,2825400000,0,India
2020,2825500000,0,India
2020,2825600000,0,India
2020,2825700000,0,India
2020,2825800000,0,India
2020,2825900000,0,India
2020,2826000000,0,India
2020,2827100000,0,India
2020,2827200000,0,India
2020,2827310000,0,India
2020,2827320000,0,India
2020,2827350000,0,India
2020,2827390000,0,India
2020,2827410000,0,India
2020,2827490000,0,India
2020,2827510000,0,India
2020,2827590000,0,India
2020,2827600000,0,India
2020,2828000000,0,India
2020,2829000000,0,India
2020,2830100000,0,India
2020,2830900000,0,India
2020,2831000000,0,India
2020,2832000000,0,India
2020,2833000000,0,India
2020,2834100000,0,India
2020,2834210000,0,India
2020,2834290000,0,India
2020,2835100000,0,India
2020,2835220000,0,India
2020,2835240000,0,India
2020,2835250000,0,India
2020,2835260000,0,India
2020,2835291000,0,India
2020,2835293000,0,India
2020,2835299000,0,India
2020,2835310000,0,India
2020,2835390000,0,India
2020,2836200000,0,India
2020,2836300000,0,India
2020,2836400000,0,India
2020,2836500000,0,India
2020,2836600000,0,India
2020,2836910000,0,India
2020,2836920000,0,India
2020,2836990000,0,India
2020,2837000000,0,
2020,2839000000,0,India
2020,2840000000,0,India
2020,2841300000,0,India
2020,2841500000,0,India
2020,2841610000,0,India
2020,2841690000,0,India
2020,2841700000,0,India
2020,2841800000,0,India
2020,2841900000,0,India
2020,2842000000,0,India
2020,2843000000,0,India
2020,2844301190,0,India
2020,2844305190,0,India
2020,2845909000,0,India
2020,2846000000,0,India
2020,2847000000,0,India
2020,2849100000,0,India
2020,2849200000,0,India
2020,2849901000,0,India
2020,2849903000,0,India
2020,2849905000,0,India
2020,2849909000,0,India
2020,2850002000,0,India
2020,2850006010,0,India
2020,2850006019,0,India
2020,2850006090,0,India
2020,2850009000,0,India
2020,2852000000,0,India
2020,2853000000,0,India
2020,2903110000,0,India
2020,2903120000,0,India
2020,2903130000,0,India
2020,2903140000,0,India
2020,2903150000,0,India
2020,2903190000,0,India
2020,2903210000,0,India
2020,2903220000,0,India
2020,2903230000,0,India
2020,2903290000,0,India
2020,2903310000,0,India
2020,2903391100,0,India
2020,2903391500,0,India
2020,2903391900,0,India
2020,2903392100,0,India
2020,2903392300,0,India
2020,2903392400,0,India
2020,2903392500,0,India
2020,2903392600,0,India
2020,2903392700,0,India
2020,2903392800,0,India
2020,2903392900,0,India
2020,2903393100,0,India
2020,2903393500,0,India
2020,2903393900,0,India
2020,2903398000,0,India
2020,2903710000,0,India
2020,2903720000,0,India
2020,2903730000,0,India
2020,2903740000,0,India
2020,2903750000,0,India
2020,2903760000,0,India
2020,2903776000,0,India
2020,2903779000,0,India
2020,2903780000,0,India
2020,2903790000,0,India
2020,2903810000,0,India
2020,2903820000,0,India
2020,2903830000,0,India
2020,2903891000,0,India
2020,2903898000,0,India
2020,2903910000,0,India
2020,2903920000,0,India
2020,2903930000,0,India
2020,2903940000,0,India
2020,2903991000,0,India
2020,2903998000,0,India
2020,2904100000,0,India
2020,2904200000,0,India
2020,2904310000,0,India
2020,2904320000,0,India
2020,2904330000,0,India
2020,2904340000,0,India
2020,2904350000,0,India
2020,2904360000,0,India
2020,2904910000,0,India
2020,2904990000,0,India
2020,2905110000,0,India
2020,2905120000,0,India
2020,2905130000,0,India
2020,2905141000,0,India
2020,2905149000,0,India
2020,2905162000,0,India
2020,2905168500,0,India
2020,2905170000,0,India
2020,2905190000,0,India
2020,2905220000,0,India
2020,2905290000,0,India
2020,2905310000,0,India
2020,2905320000,0,India
2020,2905392000,0,India
2020,2905392600,0,India
2020,2905392800,0,India
2020,2905393000,0,India
2020,2905399500,0,India
2020,2905410000,0,India
2020,2905420000,0,India
2020,2905450000,0,India
2020,2905490000,0,India
2020,2905510000,0,India
2020,2905599100,0,India
2020,2905599800,0,India
2020,2906000000,0,India
2020,2907110000,0,India
2020,2907120000,0,India
2020,2907130000,0,India
2020,2907151000,0,India
2020,2907159000,0,India
2020,2907190000,0,India
2020,2907210000,0,India
2020,2907220010,0,India
2020,2907220090,0,India
2020,2907230000,0,India
2020,2907290000,0,India
2020,2908000000,0,India
2020,2909110000,0,India
2020,2909190000,0,India
2020,2909200000,0,India
2020,2909301000,0,India
2020,2909303100,0,India
2020,2909303500,0,India
2020,2909303800,0,India
2020,2909309000,0,India
2020,2909410000,0,India
2020,2909430000,0,India
2020,2909440000,0,India
2020,2909491100,0,India
2020,2909498000,0,India
2020,2909500000,0,India
2020,2909600000,0,India
2020,2910000000,0,India
2020,2911000000,0,India
2020,2912110000,0,India
2020,2912120000,0,India
2020,2912190000,0,India
2020,2912210000,0,India
2020,2912290000,0,India
2020,2912410000,0,India
2020,2912420000,0,India
2020,2912490000,0,India
2020,2912500000,0,India
2020,2912600000,0,India
2020,2913000000,0,India
2020,2914110000,0,India
2020,2914120000,0,India
2020,2914130000,0,India
2020,2914190000,0,India
2020,2914220000,0,India
2020,2914230000,0,India
2020,2914290015,0,India
2020,2914290020,0,India
2020,2914290025,0,India
2020,2914290030,0,India
2020,2914290040,0,India
2020,2914290050,0,India
2020,2914290060,0,India
2020,2914290070,0,India
2020,2914290080,0,India
2020,2914290090,0,India
2020,2914310000,0,India
2020,2914390000,0,India
2020,2914400000,0,India
2020,2914500000,0,India
2020,2914610000,0,India
2020,2914620000,0,India
2020,2914690000,0,India
2020,2914710000,0,India
2020,2914790000,0,India
2020,2915110000,0,India
2020,2915120000,0,India
2020,2915130000,0,India
2020,2915210000,0,India
2020,2915240000,0,India
2020,2915290000,0,India
2020,2915310000,0,India
2020,2915320000,0,India
2020,2915330000,0,India
2020,2915360000,0,India
2020,2915390000,0,India
2020,2915400000,0,India
2020,2915500000,0,India
2020,2915601900,0,India
2020,2915609000,0,India
2020,2915700000,0,India
2020,2915900000,0,India
2020,2916110010,0,India
2020,2916110090,0,India
2020,2916120000,0,India
2020,2916130000,0,India
2020,2916140000,0,India
2020,2916150000,0,India
2020,2916160000,0,India
2020,2916190000,0,India
2020,2916200000,0,India
2020,2916310000,0,India
2020,2916320000,0,India
2020,2916390000,0,India
2020,2917110000,0,India
2020,2917120010,0,India
2020,2917120020,0,India
2020,2917120090,0,India
2020,2917130000,0,India
2020,2917140000,0,India
2020,2917190000,0,India
2020,2917200000,0,India
2020,2917320000,0,India
2020,2917330000,0,India
2020,2917340000,0,India
2020,2917350000,0,India
2020,2917360000,0,India
2020,2917370000,0,India
2020,2917390000,0,India
2020,2918110000,0,India
2020,2918120000,0,India
2020,2918130000,0,India
2020,2918140000,0,India
2020,2918150000,0,India
2020,2918160000,0,India
2020,2918170000,0,India
2020,2918180000,0,India
2020,2918190000,0,India
2020,2918210000,0,India
2020,2918220000,0,India
2020,2918230000,0,India
2020,2918290010,0,India
2020,2918290019,0,India
2020,2918290035,0,India
2020,2918290050,0,India
2020,2918290060,0,India
2020,2918290070,0,India
2020,2918290090,0,India
2020,2918300000,0,India
2020,2918910000,0,India
2020,2918990000,0,India
2020,2919000000,0,India
2020,2920000000,0,India
2020,2921110000,0,India
2020,2921120000,0,India
2020,2921130000,0,India
2020,2921140000,0,India
2020,2921195000,0,India
2020,2921199900,0,India
2020,2921210000,0,India
2020,2921220000,0,India
2020,2921290000,0,India
2020,2921301000,0,India
2020,2921309900,0,India
2020,2921410000,0,India
2020,2921420000,0,India
2020,2921430000,0,India
2020,2921440000,0,India
2020,2921450000,0,India
2020,2921490000,0,India
2020,2921511900,0,India
2020,2921519000,0,India
2020,2921599000,0,India
2020,2922110000,0,India
2020,2922120000,0,India
2020,2922150000,0,India
2020,2922160000,0,India
2020,2922170000,0,India
2020,2922180000,0,India
2020,2922190000,0,India
2020,2922210000,0,India
2020,2922290000,0,India
2020,2922390000,0,India
2020,2922410000,0,India
2020,2922420000,0,India
2020,2922430000,0,India
2020,2922498500,0,India
2020,2922500000,0,India
2020,2923000000,0,India
2020,2924120000,0,India
2020,2924190000,0,India
2020,2924210000,0,India
2020,2924230000,0,India
2020,2924250000,0,India
2020,2924297005,0,India
2020,2924297012,0,India
2020,2924297015,0,India
2020,2924297017,0,India
2020,2924297019,0,India
2020,2924297020,0,India
2020,2924297023,0,India
2020,2924297027,0,India
2020,2924297030,0,India
2020,2924297033,0,India
2020,2924297037,0,India
2020,2924297040,0,India
2020,2924297045,0,India
2020,2924297050,0,India
2020,2924297053,0,India
2020,2924297055,0,India
2020,2924297060,0,India
2020,2924297061,0,India
2020,2924297062,0,India
2020,2924297063,0,India
2020,2924297064,0,India
2020,2924297067,0,India
2020,2924297070,0,India
2020,2924297073,0,India
2020,2924297075,0,India
2020,2924297085,0,India
2020,2924297086,0,India
2020,2924297087,0,India
2020,2924297088,0,India
2020,2924297089,0,India
2020,2924297091,0,India
2020,2924297092,0,India
2020,2924297093,0,India
2020,2924297094,0,India
2020,2924297097,0,India
2020,2924297099,0,India
2020,2925000000,0,India
2020,2926100000,0,India
2020,2926200000,0,India
2020,2926300000,0,India
2020,2926400000,0,India
2020,2926900000,0,India
2020,2927000000,0,India
2020,2928009000,0,India
2020,2929100000,0,India
2020,2929900000,0,India
2020,2930200000,0,India
2020,2930300000,0,India
2020,2930409000,0,India
2020,2930600000,0,India
2020,2930700000,0,India
2020,2930800000,0,India
2020,2930901300,0,India
2020,2930901600,0,India
2020,2930909810,0,India
2020,2930909812,0,India
2020,2930909813,0,India
2020,2930909815,0,India
2020,2930909816,0,India
2020,2930909817,0,India
2020,2930909819,0,India
2020,2930909821,0,India
2020,2930909822,0,India
2020,2930909823,0,India
2020,2930909825,0,India
2020,2930909826,0,India
2020,2930909827,0,India
2020,2930909830,0,India
2020,2930909833,0,India
2020,2930909835,0,India
2020,2930909838,0,India
2020,2930909840,0,India
2020,2930909843,0,India
2020,2930909845,0,India
2020,2930909850,0,India
2020,2930909853,0,India
2020,2930909855,0,India
2020,2930909857,0,India
2020,2930909860,0,India
2020,2930909864,0,India
2020,2930909865,0,India
2020,2930909868,0,India
2020,2930909877,0,India
2020,2930909878,0,India
2020,2930909879,0,India
2020,2930909880,0,India
2020,2930909881,0,India
2020,2930909885,0,India
2020,2930909889,0,India
2020,2930909891,0,India
2020,2930909893,0,India
2020,2930909894,0,India
2020,2930909895,0,India
2020,2930909896,0,India
2020,2930909897,0,India
2020,2930909899,0,India
2020,2931000000,0,India
2020,2932110000,0,India
2020,2932120000,0,India
2020,2932130000,0,India
2020,2932140000,0,India
2020,2932190000,0,India
2020,2932201000,0,India
2020,2932202000,0,India
2020,2932209010,0,India
2020,2932209015,0,India
2020,2932209025,0,India
2020,2932209030,0,India
2020,2932209040,0,India
2020,2932209045,0,India
2020,2932209050,0,India
2020,2932209055,0,India
2020,2932209060,0,India
2020,2932209065,0,India
2020,2932209071,0,India
2020,2932209075,0,India
2020,2932209077,0,India
2020,2932209080,0,India
2020,2932209084,0,India
2020,2932209088,0,India
2020,2932209090,0,India
2020,2932910000,0,India
2020,2932920000,0,India
2020,2932930000,0,India
2020,2932940000,0,India
2020,2932950000,0,India
2020,2932990000,0,India
2020,2933110000,0,India
2020,2933190000,0,India
2020,2933210000,0,India
2020,2933290000,0,India
2020,2933310000,0,India
2020,2933320000,0,India
2020,2933330000,0,India
2020,2933390000,0,India
2020,2933410000,0,India
2020,2933490000,0,India
2020,2933520000,0,India
2020,2933530000,0,India
2020,2933540000,0,India
2020,2933550000,0,India
2020,2933590000,0,India
2020,2933610000,0,India
2020,2933690000,0,India
2020,2933710000,0,India
2020,2933720000,0,India
2020,2933790000,0,India
2020,2933910000,0,India
2020,2933920000,0,India
2020,2933990000,0,India
2020,2934000000,0,India
2020,2935100000,0,India
2020,2935200000,0,India
2020,2935300000,0,India
2020,2935400000,0,India
2020,2935500000,0,India
2020,2935903000,0,India
2020,2935909000,0,India
2020,2938000000,0,India
2020,2940000010,0,India
2020,2940000020,0,India
2020,2940000080,0,India
2020,2941100000,0,India
2020,2941203000,0,India
2020,2941208000,0,India
2020,2941300000,0,India
2020,2941400000,0,India
2020,2941500000,0,India
2020,2941900000,0,India
2020,2942000000,0,India
2020,3102210000,0,
2020,3102400000,0,
2020,3102500010,0,
2020,3102500089,0,
2020,3102600000,0,
2020,3103110000,0,
2020,3103190000,0,
2020,3105100000,3,
2020,3105200000,3,
2020,3105300000,0,
2020,3105400000,0,
2020,3105510000,3,
2020,3105590000,3,
2020,3105600000,0,
2020,3105902010,0,
2020,3105902030,3,
2020,3105902040,3,
2020,3105902050,3,
2020,3105902060,3,
2020,3105902090,0,
2020,3105908010,0,
2020,3105908090,0,
2020,3201100000,0,
2020,3201200000,0,
2020,3201909080,0,
2020,3202000000,0,
2020,3203001000,0,
2020,3203009000,0,
2020,3204110000,0,
2020,3204120000,0,
2020,3204130000,0,
2020,3204140000,0,
2020,3204150000,0,
2020,3204160000,0,
2020,3204170000,0,
2020,3204190000,0,
2020,3204200000,0,
2020,3204900000,0,
2020,3205000000,0,
2020,3206110000,0,
2020,3206190000,0,
2020,3206200000,0,
2020,3206410000,0,
2020,3206420000,0,
2020,3206491000,0,
2020,3206497000,0,
2020,3206500000,0,
2020,3207000000,0,
2020,3208000000,0,
2020,3209000000,0,
2020,3210000000,0,
2020,3211000000,0,
2020,3212000000,0,
2020,3213000000,0,
2020,3214000000,0,
2020,3215000000,0,
2020,3301000000,0,
2020,3302101000,0,
2020,3302102100,0,
2020,3302102900,0,
2020,3302104000,0,
2020,3302109000,0,
2020,3302901000,0,
2020,3302909000,0,
2020,3303001000,0,
2020,3303009000,0,
2020,3304100000,0,
2020,3304200000,0,
2020,3304300000,0,
2020,3304910000,0,
2020,3304990000,0,
2020,3305100000,0,
2020,3305200000,0,
2020,3305300000,0,
2020,3305900000,0,
2020,3306000000,0,
2020,3307000000,0,
2020,3400000000,0,
2020,3501101000,0,
2020,3501105000,0,
2020,3501109000,0,
2020,3501901000,0,
2020,3501909000,0,
2020,3502909000,0,
2020,3503000000,0,
2020,3504000000,0,
2020,3505105000,0,
2020,3506000000,0,
2020,3507100000,0,
2020,3507903000,0,
2020,3507909000,0,
2020,3600000000,0,
2020,3700000000,0,
2020,3801000000,0,
2020,3802100000,0,
2020,3802900000,0,
2020,3803001000,0,
2020,3803009000,0,
2020,3804000000,0,
2020,3805000000,0,
2020,3806000000,0,
2020,3807000000,0,
2020,3808000000,0,
2020,3809910000,0,
2020,3809920000,0,
2020,3809930000,0,
2020,3810000000,0,
2020,3811000000,0,
2020,3812000000,0,
2020,3813000000,0,
2020,3814000000,0,
2020,3815000000,0,
2020,3816000000,0,
2020,3817000000,0,
2020,3819000000,0,
2020,3820000000,0,
2020,3821000000,0,
2020,3823000000,0,
2020,3824100000,0,
2020,3824300000,0,
2020,3824400000,0,
2020,3824500000,0,
2020,3824710000,0,
2020,3824720000,0,
2020,3824730000,0,
2020,3824740000,0,
2020,3824750000,0,
2020,3824760000,0,
2020,3824770000,0,
2020,3824780000,0,
2020,3824790000,0,
2020,3824810000,0,
2020,3824820000,0,
2020,3824830000,0,
2020,3824840000,0,
2020,3824850000,0,
2020,3824860000,0,
2020,3824870000,0,
2020,3824880000,0,
2020,3824910000,0,
2020,3824990000,0,
2020,3825000000,0,
2020,3826000000,0,
2020,3901100000,0,
2020,3901201000,0,
2020,3901209000,0,
2020,3901300000,0,
2020,3901400000,0,
2020,3901903000,0,
2020,3901908000,0,
2020,3902100000,0,
2020,3902200000,0,
2020,3902300000,0,
2020,3902901000,0,
2020,3902902000,0,
2020,3902909000,0,
2020,3903110000,0,
2020,3903190000,0,
2020,3903200000,0,
2020,3903300000,0,
2020,3903901000,0,
2020,3903902000,0,
2020,3903909000,0,
2020,3904100000,0,
2020,3904210000,0,
2020,3904220000,0,
2020,3904300000,0,
2020,3904400000,0,
2020,3904501000,0,
2020,3904509000,0,
2020,3904610000,0,
2020,3904691000,0,
2020,3904692000,0,
2020,3904698000,0,
2020,3904900000,0,
2020,3905000000,0,
2020,3906100000,0,
2020,3906901000,0,
2020,3906902000,0,
2020,3906903000,0,
2020,3906904000,0,
2020,3906905000,0,
2020,3906906000,0,
2020,3906909000,0,
2020,3907100000,0,
2020,3907200000,0,
2020,3907300000,0,
2020,3907400000,0,
2020,3907500000,0,
2020,3907610000,0,
2020,3907690000,0,
2020,3907700000,0,
2020,3907910000,0,
2020,3907990500,0,
2020,3907991000,0,
2020,3907998000,0,
2020,3908000000,0,
2020,3909000000,0,
2020,3910000000,0,
2020,3911000000,0,
2020,3912000000,0,
2020,3913000000,0,
2020,3914000000,0,
2020,3915000000,0,
2020,3916000000,0,
2020,3917000000,0,
2020,3918000000,0,
2020,3919000000,0,
2020,3920102300,0,
2020,3920102400,0,
2020,3920102500,0,
2020,3920102800,0,
2020,3920104000,0,
2020,3920108100,0,
2020,3920108900,0,
2020,3920200000,0,
2020,3920300000,0,
2020,3920430000,0,
2020,3920490000,0,
2020,3920510000,0,
2020,3920591000,0,
2020,3920599000,0,
2020,3920610000,0,
2020,3920621200,0,
2020,3920621900,0,
2020,3920629000,0,
2020,3920630000,0,
2020,3920690000,0,
2020,3920710000,0,
2020,3920731000,0,
2020,3920738000,0,
2020,3920791000,0,
2020,3920799000,0,
2020,3920910000,0,
2020,3920920000,0,
2020,3920930000,0,
2020,3920940000,0,
2020,3920992100,0,
2020,3920992800,0,
2020,3920995200,0,
2020,3920995300,0,
2020,3920995900,0,
2020,3920999000,0,
2020,3921110000,0,
2020,3921120000,0,
2020,3921130000,0,
2020,3921140000,0,
2020,3921190000,0,
2020,3921901005,0,
2020,3921901010,0,
2020,3921901020,0,
2020,3921901030,0,
2020,3921901090,0,
2020,3921903000,0,
2020,3921904100,0,
2020,3921904300,0,
2020,3921904900,0,
2020,3921905500,0,
2020,3921906000,0,
2020,3921909000,0,
2020,3922000000,0,
2020,3923100000,0,
2020,3923210000,0,
2020,3923290000,0,
2020,3923300000,0,
2020,3923400000,0,
2020,3923500000,0,
2020,3923900000,0,
2020,3924000000,0,
2020,3925000000,0,
2020,3926000000,0,
2020,4001100000,0,
2020,4001210000,0,
2020,4001220000,0,
2020,4001290000,0,
2020,4001300000,0,
2020,4002000000,0,
2020,4003000000,0,
2020,4004000000,0,
2020,4005100000,0,
2020,4005200000,0,
2020,4005910000,0,
2020,4005990000,0,
2020,4006100000,0,
2020,4006900000,0,
2020,4007000000,0,
2020,4008000000,0,
2020,4009000000,0,
2020,4010000000,0,
2020,4011000000,0,
2020,4012000000,0,
2020,4013000000,0,
2020,4015110000,0,
2020,4015190000,0,
2020,4015900000,0,
2020,4016000000,0,
2020,4104111000,0,
2020,4104115100,0,
2020,4104115900,0,
2020,4104119000,0,
2020,4104191000,0,
2020,4104195100,0,
2020,4104195900,0,
2020,4104199000,0,
2020,4104411100,0,
2020,4104415100,0,
2020,4104415900,0,
2020,4104419000,0,
2020,4104491100,0,
2020,4104495100,0,
2020,4104495900,0,
2020,4104499000,0,
2020,4106310090,0,
2020,4106320000,0,
2020,4107110000,0,
2020,4107121100,0,
2020,4107121900,0,
2020,4107129100,0,
2020,4107129900,0,
2020,4107190000,0,
2020,4107910000,0,
2020,4107921000,0,
2020,4107929000,0,
2020,4107990000,0,
2020,4112000000,0,
2020,4113000000,0,
2020,4114000000,0,
2020,4115100000,0,
2020,4201000000,0,
2020,4202110000,0,
2020,4202121100,0,
2020,4202121900,0,
2020,4202125000,0,
2020,4202129100,0,
2020,4202129900,0,
2020,4202191000,0,
2020,4202199000,0,
2020,4202210000,0,
2020,4202221000,0,
2020,4202229000,0,
2020,4202290000,0,
2020,4202310000,0,
2020,4202321000,0,
2020,4202329000,0,
2020,4202390000,0,
2020,4202910000,0,
2020,4202921100,0,
2020,4202921500,0,
2020,4202921900,0,
2020,4202929100,0,
2020,4202929800,0,
2020,4202990000,0,
2020,4203100000,0,
2020,4203210000,0,
2020,4203291000,5.5,
2020,4203299000,3.5,
2020,4203300000,0,
2020,4203400000,0,
2020,4205000000,0,
2020,4206000000,0,
2020,4300000000,0,
2020,4401110000,0,
2020,4401120000,0,
2020,4401210000,0,
2020,4401220000,0,
2020,4401310000,0,
2020,4401390000,0,
2020,4401401000,0,
2020,4401409000,0,
2020,4402100010,0,
2020,4402100090,0,
2020,4402900010,0,
2020,4402900090,0,
2020,4403110000,0,
2020,4403120000,0,
2020,4403211010,0,
2020,4403211090,0,
2020,4403219010,0,
2020,4403219090,0,
2020,4403220010,0,
2020,4403220090,0,
2020,4403231010,0,
2020,4403231090,0,
2020,4403239010,0,
2020,4403239090,0,
2020,4403240010,0,
2020,4403240090,0,
2020,4403251000,0,
2020,4403259000,0,
2020,4403260000,0,
2020,4403410000,0,
2020,4403491000,0,
2020,4403493500,0,
2020,4403498500,0,
2020,4403910000,0,
2020,4403930000,0,
2020,4403940000,0,
2020,4403951000,0,
2020,4403959000,0,
2020,4403960000,0,
2020,4403970000,0,
2020,4403980000,0,
2020,4403990000,0,
2020,4404100010,0,
2020,4404100090,0,
2020,4404200010,0,
2020,4404200011,0,
2020,4404200090,0,
2020,4405000000,0,
2020,4406110000,0,
2020,4406120000,0,
2020,4406910000,0,
2020,4406920000,0,
2020,4407111000,0,
2020,4407112000,0,
2020,4407119010,0,
2020,4407119090,0,
2020,4407121000,0,
2020,4407122000,0,
2020,4407129010,0,
2020,4407129090,0,
2020,4407191000,0,
2020,4407192000,0,
2020,4407199010,0,
2020,4407199090,0,
2020,4407211000,0,
2020,4407219100,0,
2020,4407219900,0,
2020,4407221000,0,
2020,4407229100,0,
2020,4407229900,0,
2020,4407251000,0,
2020,4407253000,0,
2020,4407255000,0,
2020,4407259000,0,
2020,4407261000,0,
2020,4407263000,0,
2020,4407265000,0,
2020,4407269000,0,
2020,4407271000,0,
2020,4407279100,0,
2020,4407279900,0,
2020,4407281000,0,
2020,4407289100,0,
2020,4407289900,0,
2020,4407291500,0,
2020,4407292000,0,
2020,4407298300,0,
2020,4407298500,0,
2020,4407299500,0,
2020,4407299600,0,
2020,4407299700,0,
2020,4407299800,0,
2020,4407911500,0,
2020,4407913100,0,
2020,4407913900,0,
2020,4407919000,0,
2020,4407920010,0,
2020,4407920090,0,
2020,4407931000,0,
2020,4407939100,0,
2020,4407939900,0,
2020,4407941000,0,
2020,4407949100,0,
2020,4407949900,0,
2020,4407951000,0,
2020,4407959100,0,
2020,4407959900,0,
2020,4407961000,0,
2020,4407969100,0,
2020,4407969900,0,
2020,4407971000,0,
2020,4407979100,0,
2020,4407979900,0,
2020,4407992700,0,
2020,4407994000,0,
2020,4407999000,0,
2020,4408000000,0,
2020,4409101100,0,
2020,4409101800,0,
2020,4409210000,0,
2020,4409220000,0,
2020,4409291000,0,
2020,4409299100,0,
2020,4409299900,0,
2020,4410000000,0,
2020,4411000000,0,
2020,4412100000,0,
2020,4412311000,0,
2020,4412319000,0,
2020,4412330000,0,
2020,4412340000,0,
2020,4412390000,0,
2020,4412941000,0,
2020,4412949000,0,
2020,4412993000,0,
2020,4412994000,0,
2020,4412995000,0,
2020,4412998500,0,
2020,4414001000,0,
2020,4415000000,0,
2020,4418100000,0,
2020,4418201000,0,
2020,4418731000,0,
2020,4418740000,0,
2020,4420101100,0,
2020,4420101900,0,
2020,4420901000,0,
2020,4420909100,0,
2020,4420909910,0,
2020,4420909990,0,
2020,4421100000,0,
2020,4421910000,0,
2020,4421991000,0,
2020,4421999100,0,
2020,4421999910,0,
2020,4421999991,0,
2020,4421999999,0,
2020,4501100000,0,
2020,4501900000,0,
2020,4502000000,0,
2020,4503000000,0,
2020,4504000000,0,
2020,4601210000,0,
2020,4601220000,0,
2020,4601290000,0,
2020,4601920500,0,
2020,4601921000,0,
2020,4601929000,0,
2020,4601930500,0,
2020,4601931000,0,
2020,4601939000,0,
2020,4601940500,0,
2020,4601941000,0,
2020,4601949000,0,
2020,4601990500,0,
2020,4601991000,0,
2020,4601999000,0,
2020,4602110000,0,
2020,4602120000,0,
2020,4602190000,0,
2020,4602900000,0,
2020,5001000000,0,India
2020,5002000000,0,India
2020,5003000010,0,India
2020,5003000090,0,India
2020,5004000000,0,India
2020,5005000000,0,India
2020,5006001000,0,India
2020,5006009000,0,India
2020,5007100000,0,India
2020,5007201100,0,India
2020,5007201900,0,India
2020,5007202100,0,India
2020,5007203100,0,India
2020,5007203900,0,India
2020,5007204100,0,India
2020,5007205100,0,India
2020,5007205900,0,India
2020,5007206100,0,India
2020,5007206900,0,India
2020,5007207100,0,India
2020,5007900000,0,India
2020,5106100000,0,India
2020,5106201000,0,India
2020,5106209100,0,India
2020,5106209900,0,India
2020,5107100000,0,India
2020,5107200000,0,India
2020,5108000000,0,India
2020,5109101000,0,India
2020,5109109000,0,India
2020,5109900000,0,India
2020,5110000000,0,India
2020,5111110000,0,India
2020,5111190000,0,India
2020,5111200000,0,India
2020,5111300000,0,India
2020,5111901000,0,India
2020,5111909100,0,India
2020,5111909800,0,India
2020,5112110000,0,India
2020,5112190000,0,India
2020,5112200000,0,India
2020,5112300000,0,India
2020,5112901000,0,India
2020,5112909100,0,India
2020,5112909800,0,India
2020,5113000000,0,India
2020,5201001000,0,India
2020,5201009000,0,India
2020,5202100000,0,India
2020,5202910000,0,India
2020,5202990000,0,India
2020,5203000000,0,India
2020,5204110000,0,India
2020,5204190000,0,India
2020,5204200000,0,India
2020,5205110000,0,India
2020,5205120000,0,India
2020,5205130000,0,India
2020,5205140000,0,India
2020,5205151000,0,India
2020,5205159000,0,India
2020,5205210000,0,India
2020,5205220000,0,India
2020,5205230000,0,India
2020,5205240000,0,India
2020,5205260000,0,India
2020,5205270000,0,India
2020,5205280000,0,India
2020,5205310000,0,India
2020,5205320000,0,India
2020,5205330000,0,India
2020,5205340000,0,India
2020,5205350000,0,India
2020,5205410000,0,India
2020,5205420000,0,India
2020,5205430000,0,India
2020,5205440000,0,India
2020,5205460000,0,India
2020,5205470000,0,India
2020,5205480000,0,India
2020,5206000000,0,India
2020,5207000000,0,India
2020,5208000000,0,India
2020,5209000000,0,India
2020,5210000000,0,India
2020,5211000000,0,India
2020,5212000000,0,India
2020,5301100000,0,India
2020,5301210000,0,India
2020,5301290000,0,India
2020,5301300000,0,India
2020,5302100000,0,India
2020,5302900000,0,India
2020,5303100000,0,India
2020,5303900000,0,India
2020,5305000000,0,India
2020,5306101000,0,India
2020,5306103000,0,India
2020,5306105000,0,India
2020,5306109000,0,India
2020,5306201000,0,India
2020,5306209000,0,India
2020,5307100000,0,India
2020,5307200000,0,India
2020,5308100000,0,India
2020,5308201000,0,India
2020,5308209000,0,India
2020,5308901200,0,India
2020,5308901900,0,India
2020,5308905000,0,India
2020,5308909000,0,India
2020,5309000000,0,India
2020,5310000000,0,India
2020,5311001000,0,India
2020,5311009000,0,India
2020,5401101200,0,India
2020,5401101400,0,India
2020,5401101600,0,India
2020,5401101800,0,India
2020,5401109000,0,India
2020,5401201000,0,India
2020,5401209000,0,India
2020,5402000000,0,India
2020,5403000000,0,India
2020,5404000000,0,India
2020,5405000000,0,India
2020,5406000000,0,India
2020,5407000000,0,India
2020,5408000000,0,India
2020,5501000000,0,India
2020,5502000000,0,India
2020,5503000000,0,India
2020,5504000000,0,India
2020,5505000000,0,India
2020,5506000000,0,India
2020,5507000000,0,India
2020,5508101000,0,India
2020,5508109000,0,India
2020,5508201000,0,India
2020,5508209000,0,India
2020,5509000000,0,India
2020,5510000000,0,India
2020,5511000000,0,India
2020,5512000000,0,India
2020,5513000000,0,India
2020,5514000000,0,India
2020,5515000000,0,India
2020,5516000000,0,India
2020,5601210000,0,India
2020,5601221000,0,India
2020,5601229000,0,India
2020,5601290000,0,India
2020,5601300000,0,India
2020,5602000000,0,India
2020,5603000000,0,India
2020,5604000000,0,India
2020,5605000000,0,India
2020,5606001000,0,India
2020,5606009100,0,India
2020,5606009900,0,India
2020,5607210000,0,India
2020,5607290000,0,India
2020,5607410000,0,India
2020,5607490000,0,India
2020,5607500000,0,India
2020,5607902000,0,India
2020,5607909000,0,India
2020,5608000000,0,India
2020,5609000000,0,India
2020,5701101000,0,India
2020,5701109000,0,India
2020,5701901000,0,India
2020,5701909000,0,India
2020,5702100000,0,India
2020,5702200000,0,India
2020,5702310000,0,India
2020,5702320000,0,India
2020,5702390000,0,India
2020,5702410000,0,India
2020,5702420000,0,India
2020,5702490000,0,India
2020,5702500000,0,India
2020,5702910000,0,India
2020,5702920000,0,India
2020,5702990000,0,India
2020,5703000000,0,India
2020,5704000000,0,India
2020,5705000000,0,India
2020,5801000000,0,India
2020,5802000000,0,India
2020,5803001000,0,India
2020,5803003000,0,India
2020,5803009000,0,India
2020,5804101000,0,India
2020,5804109000,0,India
2020,5804210000,0,India
2020,5804290000,0,India
2020,5804300000,0,India
2020,5805000000,0,India
2020,5806100000,0,India
2020,5806200000,0,India
2020,5806310000,0,India
2020,5806320000,0,India
2020,5806390000,0,India
2020,5806400000,0,India
2020,5807100000,0,India
2020,5807901000,0,India
2020,5807909000,0,India
2020,5808100000,0,India
2020,5808900000,0,India
2020,5809000000,0,India
2020,5810101000,0,India
2020,5810109000,0,India
2020,5810911000,0,India
2020,5810919000,0,India
2020,5810921000,0,India
2020,5810929000,0,India
2020,5810991000,0,India
2020,5810999000,0,India
2020,5811000000,0,India
2020,5901000000,0,India
2020,5902101000,0,India
2020,5902109000,0,India
2020,5902201000,0,India
2020,5902209000,0,India
2020,5902901000,0,India
2020,5902909000,0,India
2020,5903000000,0,India
2020,5904000000,0,India
2020,5905001000,0,India
2020,5905003000,0,India
2020,5905005000,0,India
2020,5905007000,0,India
2020,5905009000,0,India
2020,5906100000,0,India
2020,5906910000,0,India
2020,5906991000,0,India
2020,5906999000,0,India
2020,5907000000,0,India
2020,5908000000,0,India
2020,5909000000,0,India
2020,5910000000,0,India
2020,5911100000,0,India
2020,5911200000,0,India
2020,5911311100,0,India
2020,5911311900,0,India
2020,5911319000,0,India
2020,5911321100,0,India
2020,5911321900,0,India
2020,5911329000,0,India
2020,5911400000,0,India
2020,5911901000,0,India
2020,5911909900,0,India
2020,6001000000,0,India
2020,6002400000,0,India
2020,6002900000,0,India
2020,6003000000,0,India
2020,6004100000,0,India
2020,6004900000,0,India
2020,6005000000,0,India
2020,6006000000,0,India
2020,6101000000,0,
2020,6102000000,0,
2020,6103000000,0,
2020,6104000000,0,
2020,6105000000,9.6,
2020,6106000000,0,
2020,6107000000,9.6,
2020,6108000000,0,
2020,6109000000,9.6,
2020,6110111000,8.4,
2020,6110113000,9.6,
2020,6110119000,9.6,
2020,6110120000,0,
2020,6110190000,9.6,
2020,6110200000,9.6,
2020,6110300000,9.6,
2020,6110900000,0,
2020,6111201000,7.1,
2020,6111209000,9.6,
2020,6111301000,7.1,
2020,6111309000,9.6,
2020,6111901100,0,
2020,6111901900,0,
2020,6111909000,0,
2020,6112110000,0,
2020,6112120000,0,
2020,6112190000,0,
2020,6112200000,0,
2020,6112311000,6.4,
2020,6112319000,9.6,
2020,6112391000,0,
2020,6112399000,0,
2020,6112411000,0,
2020,6112419000,0,
2020,6112491000,0,
2020,6112499000,0,
2020,6113001000,0,
2020,6113009000,0,
2020,6114000000,9.6,
2020,6115101000,0,
2020,6115109000,0,
2020,6115210000,0,
2020,6115220000,0,
2020,6115290000,0,
2020,6115300000,0,
2020,6115940000,0,
2020,6115950000,0,
2020,6115960000,0,
2020,6115990000,0,
2020,6116102000,6.4,
2020,6116108000,7.1,
2020,6116910000,0,
2020,6116920000,0,
2020,6116930000,0,
2020,6116990000,0,
2020,6117100000,0,
2020,6117801000,0,
2020,6117808000,0,
2020,6117900000,0,
2020,6201000000,0,
2020,6202000000,0,
2020,6203000000,0,
2020,6204000000,0,
2020,6205000000,9.6,
2020,6206000000,0,
2020,6207000000,0,
2020,6208000000,0,
2020,6209000000,8.4,
2020,6210000000,0,
2020,6211000000,9.6,
2020,6212000000,5.2,
2020,6213000000,0,
2020,6214000000,0,
2020,6215000000,0,
2020,6216000000,0,
2020,6217100000,0,
2020,6217900000,0,
2020,6301100000,0,
2020,6301200000,0,
2020,6301301000,0,
2020,6301309000,0,
2020,6301400000,0,
2020,6301900000,0,
2020,6302100000,0,
2020,6302210000,0,
2020,6302221000,5.5,
2020,6302229000,9.6,
2020,6302290000,0,
2020,6302310000,9.6,
2020,6302321000,5.5,
2020,6302329000,9.6,
2020,6302390000,9.6,
2020,6302400000,0,
2020,6302510000,0,
2020,6302531000,0,
2020,6302539000,0,
2020,6302590000,0,
2020,6302600000,9.6,
2020,6302910000,9.6,
2020,6302931000,0,
2020,6302939000,0,
2020,6302990000,0,
2020,6303120000,0,
2020,6303190000,0,
2020,6303910000,0,
2020,6303921000,0,
2020,6303929000,0,
2020,6303991000,0,
2020,6303999000,0,
2020,6304000000,0,
2020,6305101000,0,
2020,6305109000,0,
2020,6305200000,0,
2020,6305321100,0,
2020,6305321900,0,
2020,6305329000,0,
2020,6305331000,0,
2020,6305339000,0,
2020,6305390000,0,
2020,6305900000,0,
2020,6306000000,0,
2020,6307101000,0,
2020,6307103000,0,
2020,6307109000,0,
2020,6307200000,0,
2020,6307901000,0,
2020,6307909100,0,
2020,6307909200,0,
2020,6307909800,0,
2020,6308000000,0,
2020,6309000000,0,
2020,6310100000,0,
2020,6310900000,0,
2020,6401000000,0,
2020,6402000000,0,
2020,6403120000,0,
2020,6403190000,0,
2020,6403200000,0,
2020,6403400000,0,
2020,6403510000,0,
2020,6403590500,0,
2020,6403591100,0,
2020,6403593100,0,
2020,6403593500,0,
2020,6403593900,0,
2020,6403595000,0,
2020,6403599100,0,
2020,6403599500,0,
2020,6403599900,0,
2020,6403910500,0,
2020,6403911100,0,
2020,6403911300,0,
2020,6403911600,0,
2020,6403911800,0,
2020,6403919100,0,
2020,6403919300,0,
2020,6403919600,0,
2020,6403919800,0,
2020,6403990500,0,
2020,6403991100,0,
2020,6403993100,0,
2020,6403993300,0,
2020,6403993600,0,
2020,6403993800,0,
2020,6403995000,0,
2020,6403999100,0,
2020,6403999300,0,
2020,6403999600,0,
2020,6403999800,0,
2020,6404000000,0,
2020,6405100000,0,
2020,6405200000,0,
2020,6405901000,0,
2020,6405909000,0,
2020,6406000000,0,
2020,6500000000,0,
2020,6601000000,0,
2020,6602000000,0,
2020,6603200000,0,
2020,6603901000,0,
2020,6603909000,0,
2020,6700000000,0,
2020,6800000000,0,
2020,6901000000,0,
2020,6902000000,0,
2020,6903000000,0,
2020,6904000000,0,
2020,6905100000,0,
2020,6905900000,0,
2020,6906000000,0,
2020,6907000000,1.5,
2020,6909000000,0,
2020,6910000000,0,
2020,6911000000,0,
2020,6912002100,1.5,
2020,6912002300,2,
2020,6912002500,5.5,
2020,6912002900,3.5,
2020,6912008100,0,
2020,6912008300,0,
2020,6912008500,0,
2020,6912008900,0,
2020,6913100000,0,
2020,6913901000,0,
2020,6913909300,0,
2020,6913909800,0,
2020,6914100000,0,
2020,6914900000,0,
2020,7001001000,0,
2020,7001009100,0,
2020,7001009900,0,
2020,7002000000,0,
2020,7003000000,0,
2020,7004000000,0,
2020,7005000000,0,
2020,7006000000,0,
2020,7007000000,0,
2020,7008000000,0,
2020,7009000000,0,
2020,7010100000,0,
2020,7010200000,0,
2020,7010900000,0,
2020,7011000000,0,
2020,7013000000,0,
2020,7014000000,0,
2020,7015000000,0,
2020,7016100000,0,
2020,7016900000,0,
2020,7017000000,0,
2020,7018101100,0,
2020,7018101900,0,
2020,7018103000,0,
2020,7018105100,0,
2020,7018105900,0,
2020,7018109000,0,
2020,7018200000,0,
2020,7018901000,0,
2020,7018909000,0,
2020,7019110000,3.5,
2020,7019120000,0,
2020,7019190000,0,
2020,7019310000,3.5,
2020,7019320000,0,
2020,7019390000,0,
2020,7019400000,0,
2020,7019510000,0,
2020,7019520000,0,
2020,7019590000,0,
2020,7019900000,0,
2020,7020000500,0,
2020,7020000700,0,
2020,7020000800,0,
2020,7020001000,0,
2020,7020003000,0,
2020,7020008000,0,
2020,7101100000,0,India
2020,7101210000,0,India
2020,7101220000,0,India
2020,7102100000,0,India
2020,7102210000,0,India
2020,7102290000,0,India
2020,7102310000,0,India
2020,7102390000,0,India
2020,7103100000,0,India
2020,7103910000,0,India
2020,7103990000,0,India
2020,7104100000,0,India
2020,7104200000,0,India
2020,7104900000,0,India
2020,7105100000,0,India
2020,7105900000,0,India
2020,7106100000,0,India
2020,7106910000,0,India
2020,7106920000,0,India
2020,7107000000,0,India
2020,7108110000,0,India
2020,7108120000,0,India
2020,7108131000,0,India
2020,7108138000,0,India
2020,7108200000,0,India
2020,7109000000,0,India
2020,7110110000,0,India
2020,7110191000,0,India
2020,7110198000,0,India
2020,7110210000,0,India
2020,7110290000,0,India
2020,7110310000,0,India
2020,7110390000,0,India
2020,7110410000,0,India
2020,7110490000,0,India
2020,7111000000,0,India
2020,7112300000,0,India
2020,7112910000,0,India
2020,7112920000,0,India
2020,7112990000,0,India
2020,7113000000,0,India
2020,7114000000,0,India
2020,7115100000,0,India
2020,7115900000,0,India
2020,7116100000,0,India
2020,7116201100,0,India
2020,7116208000,0,India
2020,7117000000,0,India
2020,7118100000,0,India
2020,7118900000,0,India
2020,7202110000,0,India
2020,7202190000,0,India
2020,7202210000,0,India
2020,7202290000,0,India
2020,7202300000,0,India
2020,7202410000,0,India
2020,7202490000,0,India
2020,7202500000,0,India
2020,7202600000,0,India
2020,7202700000,0,India
2020,7202800000,0,India
2020,7202910000,0,India
2020,7202920000,0,India
2020,7202930000,0,India
2020,7202990000,0,India
2020,7301100000,0,India
2020,7301200000,0,India
2020,7302101000,0,India
2020,7302102200,0,India
2020,7302102800,0,India
2020,7302104000,0,India
2020,7302105000,0,India
2020,7302109000,0,India
2020,7302300000,0,India
2020,7302400000,0,India
2020,7302900000,0,India
2020,7303000000,0,India
2020,7304110010,0,India
2020,7304110090,0,India
2020,7304191020,0,India
2020,7304191080,0,India
2020,7304193020,0,India
2020,7304193080,0,India
2020,7304199000,0,India
2020,7304220020,0,India
2020,7304220080,0,India
2020,7304230020,0,India
2020,7304230080,0,India
2020,7304240020,0,India
2020,7304240080,0,India
2020,7304291020,0,India
2020,7304291080,0,India
2020,7304293020,0,India
2020,7304293080,0,India
2020,7304299010,0,India
2020,7304299090,0,India
2020,7304312020,0,India
2020,7304312099,0,India
2020,7304318030,0,India
2020,7304318099,0,India
2020,7304391010,0,India
2020,7304391090,0,India
2020,7304395220,0,India
2020,7304395299,0,India
2020,7304395830,0,India
2020,7304395899,0,India
2020,7304399230,0,India
2020,7304399299,0,India
2020,7304399320,0,India
2020,7304399380,0,India
2020,7304399800,0,India
2020,7304410010,0,India
2020,7304410090,0,India
2020,7304491000,0,India
2020,7304499310,0,India
2020,7304499390,0,India
2020,7304499510,0,India
2020,7304499590,0,India
2020,7304499910,0,India
2020,7304499990,0,India
2020,7304511200,0,India
2020,7304511800,0,India
2020,7304518120,0,India
2020,7304518199,0,India
2020,7304518930,0,India
2020,7304518999,0,India
2020,7304591010,0,India
2020,7304591090,0,India
2020,7304593200,0,India
2020,7304593800,0,India
2020,7304599230,0,India
2020,7304599299,0,India
2020,7304599320,0,India
2020,7304599380,0,India
2020,7304599900,0,India
2020,7304900010,0,India
2020,7304900091,0,India
2020,7304900099,0,India
2020,7305110000,0,India
2020,7305120000,0,India
2020,7305190000,0,India
2020,7305200000,0,India
2020,7305310000,0,India
2020,7305390000,0,India
2020,7305900000,0,India
2020,7306111000,0,India
2020,7306119000,0,India
2020,7306191000,0,India
2020,7306199000,0,India
2020,7306210000,0,India
2020,7306290000,0,India
2020,7306301100,0,India
2020,7306301900,0,India
2020,7306304120,0,India
2020,7306304190,0,India
2020,7306304920,0,India
2020,7306304990,0,India
2020,7306307280,0,India
2020,7306307290,0,India
2020,7306307780,0,India
2020,7306307790,0,India
2020,7306308000,0,India
2020,7306402000,0,India
2020,7306408000,0,India
2020,7306502000,0,India
2020,7306508000,0,India
2020,7306611000,0,India
2020,7306619200,0,India
2020,7306619900,0,India
2020,7306691000,0,India
2020,7306699000,0,India
2020,7306900000,0,India
2020,7307000000,0,India
2020,7308100000,0,India
2020,7308200000,0,India
2020,7308300000,0,India
2020,7308400000,0,India
2020,7308905100,0,India
2020,7308905900,0,India
2020,7308909800,0,India
2020,7309000000,0,India
2020,7310000000,0,India
2020,7311000000,0,India
2020,7315000000,0,India
2020,7316000000,0,India
2020,7318000000,0,India
2020,7319000000,0,India
2020,7320000000,0,India
2020,7321000000,0,India
2020,7322000000,0,India
2020,7323000000,0,India
2020,7324000000,0,India
2020,7325000000,0,India
2020,7326000000,0,India
2020,7401000000,0,India
2020,7402000000,0,India
2020,7403110000,0,India
2020,7403120000,0,India
2020,7403130000,0,India
2020,7403190000,0,India
2020,7403210000,0,India
2020,7403220000,0,India
2020,7403290000,0,India
2020,7404001000,0,India
2020,7404009100,0,India
2020,7404009900,0,India
2020,7405000000,0,India
2020,7406100000,0,India
2020,7406200000,0,India
2020,7407000000,0,India
2020,7408000000,0,India
2020,7409000000,0,India
2020,7410000000,0,India
2020,7411000000,0,India
2020,7412000000,0,India
2020,7413000020,0,India
2020,7413000090,0,India
2020,7415100000,0,India
2020,7415210000,0,India
2020,7415290000,0,India
2020,7415330000,0,India
2020,7415390000,0,India
2020,7418000000,0,India
2020,7419000000,0,India
2020,7505120000,0,India
2020,7505220000,0,India
2020,7506200000,0,India
2020,7507200000,0,India
2020,7602001100,0,India
2020,7602001900,0,India
2020,7602009000,0,India
2020,7603000000,0,India
2020,7604000000,0,India
2020,7605000000,0,India
2020,7606000000,0,India
2020,7607110000,4,India
2020,7607190000,4,India
2020,7607201000,0,India
2020,7607209000,0,India
2020,7608100010,0,India
2020,7608100020,0,India
2020,7608100090,0,India
2020,7608202010,0,India
2020,7608202020,0,India
2020,7608202090,0,India
2020,7608208110,0,India
2020,7608208190,0,India
2020,7608208910,0,India
2020,7608208920,0,India
2020,7608208930,0,India
2020,7608208990,0,India
2020,7609000000,0,India
2020,7610100000,0,India
2020,7610901000,0,India
2020,7610909000,0,India
2020,7611000000,0,India
2020,7612000000,0,India
2020,7613000000,0,India
2020,7614000000,0,India
2020,7615000000,0,India
2020,7616000000,0,India
2020,7801999000,0,India
2020,7802000000,0,India
2020,7804110000,0,India
2020,7804190000,0,India
2020,7804200000,0,India
2020,7806001000,0,India
2020,7806008000,0,India
2020,7902000000,0,India
2020,7904000000,0,India
2020,7905000000,0,India
2020,7907000000,0,India
2020,8101940000,0,India
2020,8101960000,0,India
2020,8101970000,0,India
2020,8101991000,0,India
2020,8101999000,0,India
2020,8102950000,0,India
2020,8102960000,0,India
2020,8102970000,0,India
2020,8102990000,0,India
2020,8103200000,0,India
2020,8103300000,0,India
2020,8103900000,0,India
2020,8104110000,0,India
2020,8104190000,0,India
2020,8104200000,0,India
2020,8104300000,0,India
2020,8104900000,0,India
2020,8105200000,0,India
2020,8105300000,0,India
2020,8105900000,0,India
2020,8106001000,0,India
2020,8106009000,0,India
2020,8107200000,0,India
2020,8107300000,0,India
2020,8107900000,0,India
2020,8108200000,0,India
2020,8108300000,0,India
2020,8108903000,0,India
2020,8108905000,0,India
2020,8108906010,0,India
2020,8108906020,0,India
2020,8108906030,0,India
2020,8108906090,0,India
2020,8108909000,0,India
2020,8109300000,0,India
2020,8109900000,0,India
2020,8110200000,0,India
2020,8110900000,0,India
2020,8111001100,0,India
2020,8111001900,0,India
2020,8111009000,0,India
2020,8112120000,0,India
2020,8112130000,0,India
2020,8112190000,0,India
2020,8112211000,0,India
2020,8112220000,0,India
2020,8112290000,0,India
2020,8112520000,0,India
2020,8112992010,0,India
2020,8112992090,0,India
2020,8112993000,0,India
2020,8112997000,0,India
2020,8113004000,0,India
2020,8113009000,0,India
2020,8201000000,0,India
2020,8202000000,0,India
2020,8203000000,0,India
2020,8204000000,0,India
2020,8205000000,0,India
2020,8206000000,0,India
2020,8207000000,0,India
2020,8208000000,0,India
2020,8209000000,0,India
2020,8210000000,0,India
2020,8211100000,0,India
2020,8211910000,0,India
2020,8211920000,0,India
2020,8211930000,0,India
2020,8211940000,0,India
2020,8211950000,0,India
2020,8212000000,0,India
2020,8213000000,0,India
2020,8214000000,0,India
2020,8215102000,0,India
2020,8215103000,0,India
2020,8215108000,0,India
2020,8215201000,0,India
2020,8215209000,0,India
2020,8215910000,0,India
2020,8215991000,0,India
2020,8215999000,0,India
2020,8300000000,0,India
2020,8401100000,0,
2020,8401200000,0,
2020,8401300000,0,
2020,8401400000,0,
2020,8402000000,0,
2020,8403000000,0,
2020,8404000000,0,
2020,8405000000,0,
2020,8406000000,0,
2020,8407100000,0,
2020,8407211000,0,
2020,8407219100,0,
2020,8407219900,0,
2020,8407290000,0,
2020,8407310000,0,
2020,8407320000,0,
2020,8407330000,0,
2020,8407340000,0,
2020,8407900000,0,
2020,8408000000,0,
2020,8409000000,0,
2020,8410000000,0,
2020,8411000000,0,
2020,8412000000,0,
2020,8413000000,0,
2020,8414000000,0,
2020,8415000000,0,
2020,8416000000,0,
2020,8417000000,0,
2020,8418000000,0,
2020,8419000000,0,
2020,8420000000,0,
2020,8421000000,0,
2020,8422000000,0,
2020,8423000000,0,
2020,8424000000,0,
2020,8427000000,0,
2020,8430100000,0,
2020,8430200000,0,
2020,8430310000,0,
2020,8430390000,0,
2020,8430410000,0,
2020,8430490000,0,
2020,8430500000,0,
2020,8430610000,0,
2020,8430690000,0,
2020,8431000000,0,
2020,8432100000,0,
2020,8432210000,0,
2020,8432291000,0,
2020,8432293000,0,
2020,8432295000,0,
2020,8432299000,0,
2020,8432310000,0,
2020,8432391100,0,
2020,8432391900,0,
2020,8432399000,0,
2020,8432410000,0,
2020,8432420000,0,
2020,8432800000,0,
2020,8432900000,0,
2020,8433111000,0,
2020,8433115100,0,
2020,8433115900,0,
2020,8433119000,0,
2020,8433191000,0,
2020,8433195100,0,
2020,8433195900,0,
2020,8433197000,0,
2020,8433199000,0,
2020,8433201000,0,
2020,8433205000,0,
2020,8433209000,0,
2020,8433300000,0,
2020,8433400000,0,
2020,8433510000,0,
2020,8433520000,0,
2020,8433531000,0,
2020,8433533000,0,
2020,8433539000,0,
2020,8433591100,0,
2020,8433591900,0,
2020,8433598500,0,
2020,8433600000,0,
2020,8433900000,0,
2020,8434100000,0,
2020,8434200000,0,
2020,8434900000,0,
2020,8435000000,0,
2020,8436000000,0,
2020,8437000000,0,
2020,8438000000,0,
2020,8439000000,0,
2020,8440000000,0,
2020,8441000000,0,
2020,8442000000,0,
2020,8443000000,0,
2020,8444000000,0,
2020,8445000000,0,
2020,8446000000,0,
2020,8447000000,0,
2020,8448000000,0,
2020,8449000000,0,
2020,8450000000,0,
2020,8451000000,0,
2020,8452000000,0,
2020,8453000000,0,
2020,8454000000,0,
2020,8455000000,0,
2020,8456000000,0,
2020,8457000000,0,
2020,8458000000,0,
2020,8459000000,0,
2020,8460000000,0,
2020,8461000000,0,
2020,8462000000,0,
2020,8463000000,0,
2020,8464000000,0,
2020,8465000000,0,
2020,8466000000,0,
2020,8467000000,0,
2020,8468000000,0,
2020,8470100000,0,
2020,8470210000,0,
2020,8470290000,0,
2020,8470300000,0,
2020,8470500000,0,
2020,8470900000,0,
2020,8471300000,0,
2020,8471410000,0,
2020,8471490000,0,
2020,8471500000,0,
2020,8471606000,0,
2020,8471607000,0,
2020,8471702000,0,
2020,8471703000,0,
2020,8471705000,0,
2020,8471707000,0,
2020,8471708000,0,
2020,8471709800,0,
2020,8471800000,0,
2020,8471900000,0,
2020,8472000000,0,
2020,8473000000,0,
2020,8474100000,0,
2020,8474200000,0,
2020,8474310000,0,
2020,8474320000,0,
2020,8474390000,0,
2020,8474801000,0,
2020,8474809000,0,
2020,8474901000,0,
2020,8474909000,0,
2020,8475000000,0,
2020,8476000000,0,
2020,8477000000,0,
2020,8478000000,0,
2020,8479000000,0,
2020,8480000000,0,
2020,8481000000,0,
2020,8482000000,0,
2020,8483000000,0,
2020,8484000000,0,
2020,8487000000,0,
2020,8501000000,0,
2020,8502000000,0,
2020,8503000000,0,
2020,8504000000,0,
2020,8505000000,0,
2020,8506000000,0,
2020,8507000000,0,
2020,8508000000,0,
2020,8509000000,0,
2020,8510000000,0,
2020,8511000000,0,
2020,8512000000,0,
2020,8513000000,0,
2020,8514000000,0,
2020,8515000000,0,
2020,8516100000,0,
2020,8516210000,0,
2020,8516290000,0,
2020,8516310000,0,
2020,8516320000,0,
2020,8516330000,0,
2020,8516400000,0,
2020,8516500000,0,
2020,8516600000,0,
2020,8516710000,0,
2020,8516720000,0,
2020,8516790000,0,
2020,8516800000,0,
2020,8516900000,0,
2020,8518000000,0,
2020,8519201000,0,
2020,8519209100,0,
2020,8519209900,0,
2020,8519300000,0,
2020,8519812100,0,
2020,8519813100,0,
2020,8519813500,0,
2020,8519814500,0,
2020,8519815100,0,
2020,8519819500,0,
2020,8521102000,0,
2020,8521109510,0,
2020,8521109590,0,
2020,8521900000,0,
2020,8522000000,0,
2020,8523000000,0,
2020,8525500000,0,
2020,8525600000,0,
2020,8525801100,0,
2020,8525801900,0,
2020,8525803000,0,
2020,8525809100,0,
2020,8525809900,0,
2020,8526000000,0,
2020,8527121000,0,
2020,8527129000,0,
2020,8527131000,0,
2020,8527139100,0,
2020,8527139900,0,
2020,8527190000,0,
2020,8527212000,0,
2020,8527215200,0,
2020,8527215900,0,
2020,8527217000,0,
2020,8527219200,0,
2020,8527219800,0,
2020,8527290000,0,
2020,8527911100,0,
2020,8527911900,0,
2020,8527913500,0,
2020,8527919100,0,
2020,8527919900,0,
2020,8527921000,0,
2020,8527929000,0,
2020,8527990000,0,
2020,8528420000,0,
2020,8528490000,0,
2020,8528521000,0,
2020,8528529100,0,
2020,8528529900,0,
2020,8528590000,0,
2020,8528620000,0,
2020,8528692000,0,
2020,8528698000,0,
2020,8528711100,0,
2020,8528711500,0,
2020,8528711900,0,
2020,8528719100,0,
2020,8528719900,0,
2020,8528720000,0,
2020,8528730000,0,
2020,8529101100,0,
2020,8529103100,0,
2020,8529103900,0,
2020,8529106500,0,
2020,8529106900,0,
2020,8529108010,0,
2020,8529108090,0,
2020,8529109500,0,
2020,8529901500,0,
2020,8529902000,0,
2020,8529904100,0,
2020,8529904900,0,
2020,8529906510,0,
2020,8529906520,0,
2020,8529906525,0,
2020,8529906528,0,
2020,8529906530,0,
2020,8529906540,0,
2020,8529906545,0,
2020,8529906550,0,
2020,8529906565,0,
2020,8529906575,0,
2020,8529906580,0,
2020,8529906585,0,
2020,8529906590,0,
2020,8529909100,0,
2020,8529909210,0,
2020,8529909215,0,
2020,8529909220,0,
2020,8529909225,0,
2020,8529909233,0,
2020,8529909237,0,
2020,8529909242,0,
2020,8529909243,0,
2020,8529909245,0,
2020,8529909247,0,
2020,8529909249,0,
2020,8529909251,0,
2020,8529909252,0,
2020,8529909253,0,
2020,8529909254,0,
2020,8529909255,0,
2020,8529909257,0,
2020,8529909263,0,
2020,8529909265,0,
2020,8529909267,0,
2020,8529909270,0,
2020,8529909275,0,
2020,8529909285,0,
2020,8529909299,0,
2020,8529909710,0,
2020,8529909720,0,
2020,8529909790,0,
2020,8530000000,0,
2020,8531000000,0,
2020,8535000000,0,
2020,8536000000,0,
2020,8537000000,0,
2020,8538100000,0,
2020,8538909100,0,
2020,8538909900,0,
2020,8539000000,0,
2020,8540110000,0,
2020,8540120000,0,
2020,8540200000,0,
2020,8540400000,0,
2020,8540600000,0,
2020,8540710000,0,
2020,8540790000,0,
2020,8540810000,0,
2020,8540890000,0,
2020,8540910000,0,
2020,8540990000,0,
2020,8541100000,0,
2020,8541210000,0,
2020,8541290000,0,
2020,8541300000,0,
2020,8541401000,0,
2020,8541409000,0,
2020,8541500000,0,
2020,8541600000,0,
2020,8541900000,0,
2020,8542311100,0,
2020,8542311900,0,
2020,8542319000,0,
2020,8542321100,0,
2020,8542321900,0,
2020,8542323100,0,
2020,8542323900,0,
2020,8542324500,0,
2020,8542325500,0,
2020,8542326100,0,
2020,8542326900,0,
2020,8542327500,0,
2020,8542329000,0,
2020,8542331000,0,
2020,8542339000,0,
2020,8542391100,0,
2020,8542391900,0,
2020,8542399000,0,
2020,8542900000,0,
2020,8543000000,0,
2020,8544000000,0,
2020,8545000000,0,
2020,8546000000,0,
2020,8547000000,0,
2020,8548000000,0,
2020,8600000000,0,Ukraine
2020,8701000000,0,India
2020,8702101100,11.2,India
2020,8702101900,11.2,India
2020,8702109100,6.5,India
2020,8702109900,6.5,India
2020,8702201000,11.2,India
2020,8702209000,6.5,India
2020,8702301000,11.2,India
2020,8702309000,6.5,India
2020,8702400000,6.5,India
2020,8702901100,11.2,India
2020,8702901900,11.2,India
2020,8702903100,6.5,India
2020,8702903900,6.5,India
2020,8702909000,6.5,India
2020,8703101100,0,India
2020,8703101800,0,India
2020,8703210000,6.5,India
2020,8703220000,6.5,India
2020,8703230000,6.5,India
2020,8703240000,6.5,India
2020,8703310000,6.5,India
2020,8703320000,6.5,India
2020,8703330000,6.5,India
2020,8703400000,6.5,India
2020,8703500000,6.5,India
2020,8703600000,6.5,India
2020,8703700000,6.5,India
2020,8703800000,6.5,India
2020,8703900000,6.5,India
2020,8704101000,0,India
2020,8704109000,0,India
2020,8704211000,0,India
2020,8704213100,7,India
2020,8704213900,7,India
2020,8704219100,6.5,India
2020,8704219900,6.5,India
2020,8704221000,0,India
2020,8704229100,7,India
2020,8704229900,7,India
2020,8704231000,0,India
2020,8704239100,7,India
2020,8704239900,7,India
2020,8704311000,0,India
2020,8704313100,7,India
2020,8704313900,7,India
2020,8704319100,6.5,India
2020,8704319900,6.5,India
2020,8704321000,0,India
2020,8704329100,7,India
2020,8704329900,7,India
2020,8704900000,6.5,India
2020,8705000000,0,India
2020,8706001100,0,India
2020,8706001900,0,India
2020,8706009100,0,India
2020,8706009900,0,India
2020,8707000000,0,India
2020,8708000000,0,India
2020,8709000000,0,India
2020,8710000000,0,India
2020,8711100000,4.5,India
2020,8711200000,4.5,India
2020,8711300000,2.5,India
2020,8711400000,2.5,India
2020,8711500000,2.5,India
2020,8711600000,2.5,India
2020,8711900000,2.5,India
2020,8712000000,0,India
2020,8714100000,0,India
2020,8714910000,0,India
2020,8714920000,0,India
2020,8714930000,0,India
2020,8714940000,0,India
2020,8714950000,0,India
2020,8714960000,0,India
2020,8714990000,0,India
2020,8715000000,0,India
2020,8716000000,0,India
2020,8800000000,0,India
2020,8900000000,0,India
2020,9001000000,0,
2020,9002110000,0,
2020,9002190000,0,
2020,9002200000,0,
2020,9002900010,0,
2020,9002900030,0,
2020,9002900040,0,
2020,9002900090,0,
2020,9003000000,0,
2020,9004000000,0,
2020,9005000000,0,
2020,9006000000,0,
2020,9007000000,0,
2020,9008000000,0,
2020,9010000000,0,
2020,9011109000,0,
2020,9011209000,0,
2020,9011800000,0,
2020,9011909000,0,
2020,9012000000,0,
2020,9013101000,0,
2020,9013109000,0,
2020,9013200000,0,
2020,9013809000,0,
2020,9013900500,0,
2020,9013908000,0,
2020,9014100000,0,
2020,9014208000,0,
2020,9014800000,0,
2020,9015000000,0,
2020,9016000000,0,
2020,9017109000,0,
2020,9017201000,0,
2020,9017203900,0,
2020,9017209000,0,
2020,9017300000,0,
2020,9017800000,0,
2020,9017900000,0,
2020,9020000000,0,
2020,9022290000,0,
2020,9022300000,0,
2020,9022900000,0,
2020,9023000000,0,
2020,9024000000,0,
2020,9025000000,0,
2020,9027100000,0,
2020,9027800000,0,
2020,9027901000,0,
2020,9027908000,0,
2020,9028000000,0,
2020,9029000000,0,
2020,9030000000,0,
2020,9031100000,0,
2020,9031200000,0,
2020,9031491000,0,
2020,9031800000,0,
2020,9032102090,0,
2020,9032108090,0,
2020,9032200000,0,
2020,9032810000,0,
2020,9032890000,0,
2020,9032900000,0,
2020,9033000000,0,
2020,9101000000,0,
2020,9102000000,0,
2020,9103000000,0,
2020,9104000010,0,
2020,9104000090,0,
2020,9105110000,0,
2020,9105190000,0,
2020,9105210000,0,
2020,9105290000,0,
2020,9105910000,0,
2020,9105990000,0,
2020,9106000000,0,
2020,9107000000,0,
2020,9108110000,0,
2020,9108120000,0,
2020,9108190000,0,
2020,9108200000,0,
2020,9108900000,0,
2020,9109100010,0,
2020,9109100090,0,
2020,9109900010,0,
2020,9109900090,0,
2020,9110111000,0,
2020,9110119000,0,
2020,9110120000,0,
2020,9110190000,0,
2020,9110900000,0,
2020,9111000000,0,
2020,9112000000,0,
2020,9113101000,0,
2020,9113109000,0,
2020,9113200000,0,
2020,9113900000,0,
2020,9114000000,0,
2020,9201000000,0,
2020,9202000000,0,
2020,9205000000,0,
2020,9206000000,0,
2020,9207000000,0,
2020,9208000000,0,
2020,9209000000,0,
2020,9401000000,0,
2020,9402100000,0,
2020,9402900000,0,
2020,9403000000,0,
2020,9404000000,0,
2020,9405102110,0,
2020,9405102190,0,
2020,9405104010,0,
2020,9405104090,0,
2020,9405105000,0,
2020,9405109100,0,
2020,9405109800,0,
2020,9405201100,0,
2020,9405204000,0,
2020,9405205000,0,
2020,9405209100,0,
2020,9405209900,0,
2020,9405300000,0,
2020,9405401000,0,
2020,9405403100,0,
2020,9405403500,0,
2020,9405403900,0,
2020,9405409100,0,
2020,9405409500,0,
2020,9405409900,0,
2020,9405500000,0,
2020,9405602010,0,
2020,9405602090,0,
2020,9405608010,0,
2020,9405608020,0,
2020,9405608090,0,
2020,9405911000,0,
2020,9405919000,0,
2020,9405920010,0,
2020,9405920090,0,
2020,9405990000,0,
2020,9406000000,0,
2020,9503001000,0,
2020,9503002100,0,
2020,9503002900,0,
2020,9503003000,0,
2020,9503003500,0,
2020,9503003910,0,
2020,9503003990,0,
2020,9503004100,0,
2020,9503004910,0,
2020,9503004990,0,
2020,9503005510,0,
2020,9503005590,0,
2020,9503006110,0,
2020,9503006190,0,
2020,9503006900,0,
2020,9503007000,0,
2020,9503007500,0,
2020,9503008110,0,
2020,9503008190,0,
2020,9503008500,0,
2020,9503008700,0,
2020,9503009510,0,
2020,9503009590,0,
2020,9503009910,0,
2020,9503009990,0,
2020,9504000000,0,
2020,9505000000,0,
2020,9506000000,0,
2020,9507000000,0,
2020,9508000000,0,
2020,9601000000,0,
2020,9602000000,0,
2020,9603000000,0,
2020,9604000000,0,
2020,9605000000,0,
2020,9606000000,0,
2020,9607000000,0,
2020,9608000000,0,
2020,9609000000,0,
2020,9610000000,0,
2020,9611000000,0,
2020,9612000000,0,
2020,9613000000,0,
2020,9614000000,0,
2020,9615000000,0,
2020,9616000000,0,
2020,9617000000,0,
2020,9618000000,0,
2020,9619000000,0,
2020,9620001000,0,
2020,9620009110,0,
2020,9620009190,0,
2020,9620009900,0,
,,,